,0,1,2,3,4,5,6,7,8,9,10,11,12,13,14,15,16,17,18,19,20,21,22,23,24,25,26,27,28,29,30
0,250.0,250.0,250.0,250.0,250.0,250.0,250.0,250.0,250.0,250.0,250.0,250.0,250.0,250.0,250.0,250.0,250.0,250.0,250.0,250.0,250.0,250.0,250.0,250.0,250.0,250.0,250.0,250.0,250.0,250.0,250.0
1,250.0,250.0,250.0,250.0,250.0,250.0,250.0,250.0,250.0,250.0,250.0,250.0,250.0,250.0,250.0,250.0,250.0,250.0,250.0,250.0,250.0,250.0,250.0,250.0,250.0,250.0,250.0,250.0,250.0,250.0,250.0
2,250.0,250.0,76.0,250.0,75.0,76.0,65.0,250.0,250.0,250.0,250.0,65.0,250.0,77.0,250.0,250.0,250.0,74.0,72.0,78.0,78.0,250.0,250.0,67.0,250.0,69.0,78.0,250.0,69.0,69.0,72.0
3,250.0,250.0,250.0,250.0,100.0,71.0,250.0,250.0,69.0,69.0,71.0,60.0,60.0,57.0,250.0,250.0,76.0,74.0,74.0,250.0,100.0,78.0,56.0,76.0,72.0,64.0,250.0,65.0,65.0,72.0,250.0
4,72.0,72.0,61.0,68.0,72.0,72.0,82.0,68.0,68.0,72.0,72.0,72.0,82.0,82.0,79.0,56.0,56.0,56.0,86.0,76.0,55.0,55.0,55.0,70.0,65.0,74.0,76.0,76.0,82.0,73.0,70.0
5,69.0,67.0,76.0,61.0,74.0,0.0,76.0,79.0,100.0,0.0,0.0,63.0,73.0,62.0,76.0,59.0,65.0,71.0,68.0,70.0,74.0,250.0,250.0,68.0,67.0,250.0,250.0,250.0,250.0,250.0,67.0
6,250.0,250.0,250.0,250.0,250.0,250.0,250.0,250.0,250.0,250.0,250.0,250.0,250.0,56.0,250.0,58.0,71.0,47.0,58.0,58.0,59.0,100.0,58.0,72.0,58.0,0.0,72.0,66.0,60.0,66.0,62.0
7,0.0,70.0,80.0,69.0,84.0,63.0,78.0,62.0,56.0,72.0,65.0,53.0,63.0,69.0,59.0,74.0,100.0,86.0,100.0,62.0,100.0,69.0,69.0,62.0,70.0,100.0,67.0,64.0,64.0,69.0,100.0
8,100.0,59.0,67.0,60.0,69.0,100.0,100.0,49.0,69.0,56.0,100.0,250.0,250.0,250.0,250.0,250.0,250.0,250.0,250.0,250.0,250.0,250.0,250.0,250.0,250.0,250.0,250.0,250.0,250.0,250.0,250.0
9,250.0,250.0,250.0,250.0,250.0,250.0,250.0,250.0,250.0,250.0,250.0,250.0,250.0,250.0,250.0,250.0,250.0,250.0,250.0,250.0,250.0,250.0,250.0,250.0,250.0,250.0,250.0,250.0,250.0,250.0,250.0
10,250.0,250.0,250.0,250.0,250.0,250.0,250.0,250.0,250.0,250.0,250.0,73.0,250.0,73.0,69.0,250.0,71.0,55.0,61.0,73.0,73.0,54.0,54.0,54.0,54.0,100.0,61.0,73.0,72.0,72.0,250.0
11,100.0,68.0,68.0,73.0,67.0,250.0,250.0,250.0,67.0,53.0,66.0,250.0,250.0,250.0,250.0,250.0,250.0,250.0,250.0,250.0,250.0,250.0,250.0,250.0,250.0,250.0,250.0,250.0,250.0,250.0,250.0
12,250.0,250.0,250.0,250.0,250.0,250.0,250.0,250.0,250.0,250.0,250.0,89.0,74.0,74.0,93.0,79.0,87.0,93.0,73.0,86.0,79.0,90.0,90.0,87.0,87.0,81.0,81.0,90.0,90.0,90.0,38.0
13,38.0,81.0,81.0,40.0,38.0,40.0,91.0,100.0,66.0,100.0,85.0,63.0,68.0,55.0,57.0,75.0,69.0,68.0,69.0,77.0,250.0,68.0,0.0,69.0,58.0,67.0,46.0,85.0,0.0,70.0,43.0
14,67.0,71.0,69.0,63.0,67.0,70.0,61.0,62.0,62.0,62.0,83.0,83.0,83.0,72.0,72.0,42.0,83.0,83.0,67.0,67.0,84.0,84.0,42.0,42.0,42.0,86.0,86.0,86.0,82.0,38.0,38.0
15,38.0,81.0,100.0,81.0,78.0,100.0,74.0,67.0,52.0,78.0,0.0,67.0,67.0,66.0,63.0,100.0,74.0,74.0,73.0,67.0,100.0,79.0,79.0,74.0,68.0,51.0,76.0,74.0,58.0,69.0,69.0
16,74.0,69.0,100.0,85.0,100.0,68.0,68.0,68.0,53.0,53.0,84.0,84.0,68.0,68.0,47.0,74.0,74.0,62.0,84.0,58.0,67.0,67.0,75.0,74.0,62.0,75.0,75.0,67.0,44.0,75.0,75.0
17,74.0,250.0,250.0,250.0,250.0,250.0,250.0,250.0,250.0,250.0,250.0,250.0,250.0,250.0,250.0,250.0,250.0,250.0,250.0,250.0,250.0,250.0,250.0,250.0,250.0,250.0,250.0,250.0,250.0,250.0,250.0
18,250.0,100.0,74.0,74.0,100.0,100.0,80.0,75.0,49.0,76.0,76.0,75.0,67.0,75.0,70.0,100.0,100.0,74.0,74.0,72.0,35.0,100.0,79.0,78.0,44.0,100.0,78.0,76.0,64.0,72.0,72.0
19,74.0,81.0,70.0,70.0,73.0,70.0,70.0,66.0,73.0,73.0,73.0,73.0,65.0,65.0,65.0,81.0,63.0,63.0,63.0,57.0,81.0,81.0,66.0,63.0,63.0,57.0,57.0,57.0,50.0,50.0,50.0
20,64.0,66.0,60.0,84.0,86.0,87.0,83.0,65.0,49.0,65.0,78.0,73.0,62.0,62.0,67.0,48.0,100.0,62.0,82.0,57.0,73.0,80.0,100.0,81.0,48.0,57.0,82.0,75.0,46.0,57.0,70.0
21,64.0,250.0,65.0,64.0,250.0,64.0,250.0,62.0,250.0,250.0,49.0,64.0,250.0,250.0,62.0,48.0,48.0,48.0,48.0,250.0,250.0,47.0,47.0,250.0,250.0,250.0,250.0,82.0,75.0,100.0,250.0
22,82.0,71.0,67.0,68.0,68.0,0.0,77.0,67.0,68.0,66.0,48.0,75.0,0.0,75.0,66.0,100.0,84.0,100.0,77.0,76.0,72.0,100.0,84.0,66.0,75.0,72.0,75.0,69.0,69.0,69.0,100.0
23,100.0,100.0,69.0,100.0,71.0,100.0,100.0,62.0,62.0,73.0,100.0,100.0,71.0,71.0,100.0,250.0,100.0,100.0,52.0,52.0,100.0,67.0,67.0,52.0,52.0,67.0,66.0,100.0,71.0,76.0,100.0
24,100.0,66.0,69.0,47.0,77.0,76.0,76.0,75.0,69.0,67.0,91.0,84.0,84.0,65.0,76.0,66.0,79.0,79.0,67.0,84.0,69.0,66.0,79.0,42.0,69.0,73.0,75.0,85.0,70.0,70.0,70.0
25,100.0,81.0,64.0,64.0,65.0,78.0,74.0,74.0,64.0,64.0,100.0,75.0,81.0,59.0,59.0,78.0,84.0,50.0,55.0,68.0,71.0,56.0,70.0,70.0,83.0,63.0,76.0,76.0,68.0,68.0,68.0
26,85.0,55.0,68.0,68.0,73.0,76.0,82.0,82.0,55.0,57.0,65.0,65.0,81.0,42.0,63.0,79.0,63.0,78.0,78.0,79.0,100.0,61.0,85.0,72.0,100.0,100.0,80.0,75.0,65.0,75.0,55.0
27,100.0,100.0,86.0,74.0,73.0,76.0,100.0,100.0,87.0,52.0,69.0,76.0,76.0,72.0,69.0,77.0,78.0,250.0,250.0,250.0,250.0,250.0,250.0,250.0,250.0,250.0,250.0,250.0,250.0,250.0,250.0
28,250.0,250.0,250.0,250.0,250.0,250.0,250.0,250.0,250.0,250.0,250.0,250.0,250.0,250.0,250.0,250.0,250.0,82.0,250.0,250.0,250.0,76.0,250.0,250.0,76.0,250.0,76.0,250.0,70.0,250.0,73.0
29,250.0,250.0,71.0,76.0,250.0,250.0,250.0,250.0,250.0,71.0,77.0,79.0,250.0,250.0,73.0,250.0,250.0,250.0,250.0,250.0,250.0,250.0,250.0,250.0,250.0,250.0,250.0,250.0,250.0,250.0,250.0
30,250.0,250.0,250.0,250.0,250.0,250.0,250.0,250.0,250.0,250.0,250.0,250.0,64.0,250.0,250.0,250.0,250.0,100.0,85.0,57.0,250.0,75.0,57.0,57.0,59.0,0.0,75.0,66.0,66.0,65.0,65.0
31,250.0,59.0,0.0,70.0,70.0,250.0,250.0,61.0,61.0,74.0,62.0,62.0,75.0,250.0,50.0,71.0,74.0,100.0,250.0,250.0,100.0,250.0,250.0,250.0,100.0,100.0,60.0,60.0,250.0,66.0,250.0
32,250.0,78.0,78.0,61.0,60.0,100.0,100.0,71.0,71.0,61.0,250.0,59.0,100.0,250.0,57.0,59.0,57.0,74.0,72.0,56.0,100.0,100.0,56.0,56.0,63.0,63.0,70.0,70.0,68.0,68.0,72.0
33,62.0,76.0,76.0,53.0,70.0,80.0,80.0,57.0,76.0,53.0,53.0,80.0,80.0,46.0,68.0,68.0,60.0,65.0,65.0,88.0,79.0,67.0,78.0,78.0,59.0,62.0,63.0,63.0,61.0,59.0,59.0
34,100.0,67.0,57.0,54.0,61.0,100.0,68.0,71.0,51.0,71.0,71.0,71.0,68.0,60.0,83.0,60.0,60.0,68.0,68.0,55.0,55.0,60.0,60.0,60.0,55.0,55.0,78.0,43.0,43.0,43.0,100.0
35,48.0,48.0,100.0,100.0,48.0,48.0,49.0,81.0,100.0,81.0,70.0,74.0,88.0,58.0,55.0,74.0,74.0,74.0,69.0,69.0,71.0,100.0,84.0,74.0,75.0,78.0,43.0,100.0,82.0,84.0,82.0
36,73.0,80.0,73.0,65.0,68.0,75.0,77.0,53.0,53.0,53.0,51.0,51.0,59.0,100.0,73.0,100.0,100.0,59.0,58.0,58.0,80.0,73.0,73.0,73.0,59.0,58.0,250.0,75.0,100.0,100.0,77.0
37,43.0,43.0,43.0,100.0,49.0,43.0,43.0,78.0,88.0,78.0,80.0,88.0,82.0,70.0,70.0,77.0,79.0,79.0,76.0,70.0,70.0,62.0,70.0,82.0,77.0,69.0,100.0,75.0,100.0,84.0,77.0
38,75.0,100.0,75.0,65.0,77.0,75.0,77.0,78.0,100.0,78.0,100.0,100.0,58.0,58.0,59.0,59.0,59.0,63.0,58.0,63.0,63.0,54.0,70.0,59.0,63.0,63.0,57.0,54.0,70.0,70.0,70.0
39,57.0,57.0,57.0,50.0,57.0,57.0,53.0,75.0,65.0,58.0,58.0,88.0,58.0,58.0,58.0,71.0,85.0,85.0,77.0,57.0,57.0,82.0,77.0,77.0,52.0,52.0,78.0,76.0,76.0,51.0,72.0
40,52.0,60.0,62.0,62.0,65.0,65.0,66.0,81.0,64.0,65.0,62.0,87.0,55.0,81.0,64.0,64.0,72.0,58.0,87.0,55.0,62.0,66.0,79.0,72.0,58.0,61.0,79.0,61.0,61.0,61.0,61.0
41,81.0,81.0,48.0,48.0,81.0,81.0,81.0,59.0,48.0,48.0,54.0,37.0,81.0,81.0,59.0,59.0,79.0,79.0,72.0,72.0,72.0,79.0,79.0,79.0,40.0,79.0,79.0,60.0,250.0,250.0,250.0
42,250.0,250.0,250.0,250.0,250.0,250.0,250.0,250.0,250.0,250.0,250.0,250.0,250.0,250.0,250.0,250.0,250.0,250.0,250.0,250.0,250.0,250.0,250.0,100.0,100.0,100.0,250.0,250.0,37.0,37.0,71.0
43,250.0,250.0,36.0,250.0,250.0,58.0,71.0,250.0,36.0,36.0,36.0,250.0,250.0,250.0,250.0,100.0,250.0,59.0,59.0,250.0,250.0,59.0,71.0,250.0,250.0,250.0,250.0,250.0,250.0,250.0,250.0
44,250.0,250.0,250.0,250.0,250.0,250.0,250.0,250.0,250.0,250.0,250.0,250.0,250.0,250.0,250.0,250.0,250.0,250.0,250.0,250.0,250.0,250.0,250.0,250.0,250.0,250.0,250.0,250.0,250.0,250.0,250.0
45,250.0,250.0,250.0,250.0,250.0,250.0,250.0,250.0,250.0,250.0,250.0,250.0,250.0,250.0,250.0,250.0,250.0,250.0,250.0,250.0,250.0,250.0,250.0,250.0,250.0,250.0,250.0,250.0,250.0,250.0,250.0
46,250.0,250.0,250.0,250.0,250.0,250.0,250.0,250.0,250.0,250.0,250.0,250.0,250.0,250.0,250.0,250.0,250.0,250.0,250.0,250.0,250.0,250.0,250.0,250.0,250.0,250.0,250.0,250.0,250.0,250.0,250.0
47,250.0,250.0,250.0,250.0,250.0,250.0,250.0,250.0,250.0,250.0,250.0,250.0,250.0,250.0,250.0,250.0,250.0,250.0,78.0,250.0,72.0,250.0,250.0,72.0,72.0,250.0,250.0,250.0,250.0,250.0,250.0
48,250.0,250.0,250.0,250.0,250.0,250.0,75.0,75.0,250.0,250.0,250.0,250.0,75.0,75.0,250.0,71.0,71.0,73.0,250.0,250.0,250.0,250.0,250.0,250.0,250.0,250.0,250.0,250.0,250.0,250.0,250.0
49,250.0,250.0,250.0,250.0,250.0,250.0,250.0,250.0,250.0,250.0,250.0,250.0,250.0,250.0,250.0,250.0,250.0,250.0,75.0,75.0,75.0,70.0,70.0,75.0,68.0,70.0,70.0,70.0,70.0,250.0,250.0
50,250.0,250.0,72.0,72.0,72.0,250.0,250.0,250.0,250.0,72.0,72.0,71.0,71.0,71.0,70.0,70.0,70.0,70.0,100.0,69.0,100.0,69.0,77.0,69.0,72.0,72.0,73.0,74.0,75.0,73.0,50.0
51,86.0,79.0,66.0,58.0,64.0,69.0,73.0,76.0,79.0,76.0,76.0,78.0,76.0,250.0,250.0,250.0,250.0,250.0,250.0,250.0,250.0,250.0,250.0,250.0,250.0,250.0,250.0,250.0,250.0,73.0,73.0
52,250.0,250.0,250.0,250.0,250.0,250.0,250.0,250.0,250.0,250.0,250.0,250.0,250.0,250.0,250.0,250.0,250.0,250.0,250.0,250.0,250.0,250.0,250.0,250.0,250.0,250.0,250.0,250.0,250.0,250.0,250.0
53,250.0,250.0,250.0,250.0,250.0,250.0,250.0,250.0,250.0,250.0,250.0,250.0,250.0,250.0,250.0,250.0,250.0,250.0,250.0,250.0,250.0,250.0,250.0,250.0,250.0,250.0,250.0,250.0,250.0,250.0,250.0
54,250.0,250.0,250.0,250.0,250.0,250.0,250.0,250.0,79.0,79.0,71.0,71.0,79.0,100.0,68.0,68.0,59.0,84.0,88.0,88.0,55.0,100.0,77.0,76.0,76.0,61.0,58.0,100.0,78.0,78.0,60.0
55,71.0,78.0,71.0,100.0,78.0,78.0,250.0,100.0,75.0,82.0,250.0,100.0,100.0,75.0,61.0,61.0,63.0,100.0,250.0,100.0,64.0,64.0,70.0,100.0,100.0,100.0,100.0,65.0,86.0,84.0,54.0
56,61.0,75.0,69.0,80.0,78.0,79.0,60.0,79.0,79.0,60.0,60.0,75.0,82.0,82.0,82.0,76.0,76.0,80.0,80.0,80.0,72.0,72.0,58.0,58.0,73.0,73.0,40.0,40.0,57.0,250.0,250.0
57,250.0,250.0,250.0,250.0,250.0,250.0,250.0,250.0,250.0,250.0,250.0,250.0,250.0,250.0,250.0,250.0,250.0,250.0,250.0,250.0,250.0,250.0,250.0,250.0,250.0,250.0,250.0,250.0,250.0,250.0,250.0
58,250.0,250.0,250.0,250.0,250.0,250.0,250.0,250.0,250.0,250.0,250.0,250.0,250.0,250.0,250.0,250.0,250.0,250.0,250.0,250.0,250.0,250.0,250.0,250.0,250.0,250.0,250.0,250.0,250.0,73.0,73.0
59,72.0,68.0,80.0,74.0,69.0,72.0,69.0,75.0,73.0,55.0,69.0,72.0,82.0,74.0,66.0,63.0,55.0,73.0,79.0,71.0,66.0,79.0,67.0,75.0,100.0,69.0,100.0,69.0,100.0,83.0,83.0
60,69.0,54.0,56.0,100.0,83.0,66.0,66.0,100.0,68.0,68.0,56.0,56.0,65.0,100.0,100.0,85.0,100.0,100.0,100.0,250.0,250.0,250.0,250.0,250.0,250.0,250.0,250.0,250.0,250.0,250.0,250.0
61,250.0,250.0,250.0,250.0,250.0,250.0,250.0,250.0,250.0,250.0,250.0,250.0,250.0,250.0,100.0,100.0,100.0,100.0,100.0,100.0,100.0,87.0,100.0,75.0,100.0,100.0,100.0,100.0,85.0,85.0,100.0
62,100.0,86.0,76.0,100.0,85.0,85.0,76.0,100.0,85.0,77.0,250.0,250.0,71.0,71.0,250.0,73.0,83.0,78.0,87.0,71.0,71.0,66.0,66.0,68.0,68.0,84.0,84.0,54.0,75.0,75.0,62.0
63,68.0,84.0,72.0,75.0,62.0,50.0,72.0,72.0,73.0,100.0,100.0,75.0,41.0,100.0,100.0,69.0,59.0,85.0,66.0,66.0,69.0,61.0,61.0,100.0,100.0,100.0,62.0,66.0,100.0,100.0,100.0
64,65.0,100.0,62.0,85.0,100.0,53.0,68.0,71.0,76.0,80.0,64.0,76.0,64.0,64.0,76.0,76.0,56.0,56.0,79.0,79.0,79.0,64.0,64.0,56.0,56.0,56.0,79.0,79.0,250.0,54.0,56.0
65,56.0,56.0,43.0,54.0,54.0,43.0,43.0,55.0,63.0,100.0,74.0,80.0,77.0,75.0,73.0,72.0,58.0,100.0,75.0,76.0,70.0,71.0,72.0,100.0,82.0,69.0,74.0,63.0,83.0,100.0,100.0
66,77.0,65.0,68.0,83.0,74.0,69.0,68.0,75.0,75.0,250.0,250.0,250.0,250.0,250.0,250.0,250.0,59.0,250.0,250.0,250.0,250.0,250.0,250.0,43.0,250.0,250.0,56.0,56.0,64.0,65.0,65.0
67,61.0,44.0,250.0,250.0,73.0,73.0,250.0,250.0,77.0,250.0,250.0,250.0,250.0,250.0,250.0,250.0,250.0,250.0,250.0,250.0,250.0,250.0,250.0,250.0,250.0,250.0,250.0,250.0,250.0,250.0,250.0
68,250.0,250.0,250.0,250.0,100.0,100.0,100.0,100.0,100.0,100.0,100.0,86.0,85.0,100.0,100.0,100.0,86.0,86.0,100.0,100.0,100.0,100.0,100.0,89.0,81.0,100.0,100.0,76.0,100.0,76.0,250.0
69,250.0,250.0,250.0,250.0,250.0,250.0,250.0,250.0,250.0,250.0,250.0,250.0,250.0,250.0,250.0,250.0,250.0,250.0,250.0,250.0,250.0,250.0,250.0,250.0,250.0,250.0,250.0,250.0,250.0,77.0,250.0
70,250.0,250.0,250.0,250.0,250.0,250.0,250.0,250.0,250.0,250.0,250.0,250.0,250.0,250.0,250.0,250.0,250.0,250.0,250.0,250.0,250.0,250.0,250.0,250.0,250.0,70.0,70.0,70.0,72.0,72.0,72.0
71,72.0,72.0,70.0,73.0,75.0,69.0,69.0,68.0,250.0,70.0,70.0,75.0,75.0,250.0,250.0,70.0,70.0,72.0,250.0,69.0,72.0,250.0,250.0,250.0,68.0,250.0,250.0,250.0,250.0,250.0,250.0
72,250.0,250.0,250.0,250.0,250.0,250.0,250.0,250.0,250.0,250.0,250.0,250.0,250.0,250.0,250.0,250.0,250.0,250.0,250.0,250.0,250.0,250.0,250.0,250.0,250.0,250.0,250.0,250.0,250.0,250.0,250.0
73,250.0,250.0,250.0,250.0,250.0,250.0,250.0,250.0,250.0,250.0,250.0,250.0,250.0,250.0,250.0,250.0,250.0,250.0,250.0,250.0,250.0,250.0,250.0,250.0,250.0,250.0,250.0,250.0,250.0,250.0,250.0
74,250.0,250.0,250.0,250.0,250.0,250.0,250.0,250.0,250.0,250.0,250.0,250.0,250.0,250.0,250.0,250.0,250.0,250.0,250.0,250.0,250.0,250.0,250.0,250.0,250.0,250.0,250.0,250.0,250.0,250.0,250.0
75,250.0,250.0,250.0,250.0,250.0,250.0,250.0,250.0,250.0,250.0,250.0,250.0,250.0,250.0,250.0,250.0,250.0,250.0,250.0,250.0,250.0,250.0,250.0,250.0,250.0,87.0,66.0,79.0,71.0,88.0,79.0
76,79.0,79.0,76.0,86.0,86.0,81.0,67.0,79.0,83.0,89.0,81.0,76.0,78.0,86.0,100.0,83.0,81.0,86.0,79.0,77.0,250.0,250.0,250.0,250.0,250.0,250.0,250.0,250.0,250.0,250.0,250.0
77,250.0,250.0,250.0,250.0,250.0,250.0,250.0,250.0,250.0,250.0,250.0,250.0,250.0,250.0,250.0,250.0,250.0,250.0,250.0,250.0,250.0,250.0,250.0,250.0,250.0,250.0,250.0,250.0,250.0,250.0,250.0
78,250.0,250.0,250.0,250.0,250.0,250.0,250.0,250.0,250.0,250.0,250.0,250.0,250.0,250.0,250.0,250.0,250.0,250.0,250.0,250.0,83.0,250.0,77.0,250.0,60.0,77.0,250.0,250.0,250.0,60.0,250.0
79,250.0,250.0,250.0,250.0,250.0,250.0,250.0,250.0,250.0,250.0,250.0,250.0,250.0,250.0,250.0,250.0,61.0,250.0,250.0,250.0,250.0,250.0,250.0,250.0,250.0,250.0,250.0,250.0,250.0,250.0,250.0
80,250.0,250.0,250.0,250.0,250.0,250.0,250.0,250.0,250.0,250.0,250.0,250.0,250.0,250.0,250.0,250.0,250.0,250.0,250.0,250.0,250.0,250.0,250.0,250.0,250.0,250.0,250.0,250.0,76.0,250.0,250.0
81,250.0,250.0,250.0,250.0,250.0,250.0,250.0,250.0,250.0,250.0,250.0,250.0,250.0,250.0,72.0,250.0,75.0,75.0,250.0,250.0,250.0,100.0,250.0,250.0,250.0,250.0,250.0,250.0,250.0,60.0,60.0
82,250.0,250.0,250.0,250.0,250.0,60.0,60.0,60.0,100.0,250.0,250.0,100.0,250.0,250.0,100.0,89.0,68.0,75.0,54.0,68.0,75.0,64.0,42.0,63.0,68.0,72.0,72.0,69.0,250.0,73.0,250.0
83,250.0,250.0,71.0,75.0,48.0,250.0,250.0,68.0,66.0,66.0,55.0,42.0,70.0,56.0,66.0,61.0,250.0,250.0,250.0,250.0,250.0,250.0,250.0,250.0,250.0,250.0,250.0,250.0,250.0,250.0,250.0
84,250.0,250.0,250.0,250.0,250.0,250.0,250.0,250.0,250.0,250.0,78.0,71.0,79.0,100.0,100.0,70.0,70.0,64.0,77.0,75.0,75.0,67.0,69.0,70.0,80.0,70.0,70.0,75.0,75.0,72.0,72.0
85,80.0,70.0,70.0,68.0,72.0,72.0,45.0,68.0,68.0,72.0,100.0,77.0,100.0,100.0,100.0,100.0,75.0,100.0,100.0,83.0,73.0,72.0,72.0,61.0,99.0,100.0,76.0,82.0,81.0,61.0,100.0
86,87.0,99.0,99.0,55.0,72.0,100.0,70.0,55.0,72.0,75.0,250.0,250.0,250.0,250.0,250.0,250.0,250.0,250.0,250.0,250.0,250.0,250.0,250.0,250.0,250.0,250.0,250.0,250.0,250.0,250.0,250.0
87,250.0,250.0,250.0,250.0,250.0,250.0,250.0,250.0,250.0,250.0,100.0,64.0,100.0,100.0,100.0,100.0,77.0,83.0,78.0,100.0,100.0,250.0,65.0,73.0,100.0,86.0,80.0,80.0,100.0,250.0,80.0
88,100.0,86.0,76.0,73.0,100.0,100.0,55.0,74.0,100.0,100.0,82.0,100.0,100.0,79.0,100.0,46.0,50.0,77.0,100.0,100.0,100.0,100.0,100.0,62.0,43.0,100.0,100.0,100.0,100.0,41.0,42.0
89,78.0,100.0,43.0,45.0,45.0,47.0,100.0,42.0,45.0,100.0,100.0,100.0,80.0,73.0,92.0,80.0,71.0,100.0,100.0,84.0,80.0,100.0,100.0,79.0,100.0,88.0,85.0,65.0,100.0,100.0,81.0
90,75.0,66.0,100.0,79.0,87.0,100.0,100.0,100.0,100.0,100.0,100.0,100.0,100.0,100.0,100.0,100.0,100.0,100.0,100.0,100.0,100.0,100.0,100.0,100.0,100.0,100.0,100.0,100.0,47.0,100.0,47.0
91,250.0,250.0,250.0,250.0,250.0,250.0,250.0,250.0,250.0,250.0,250.0,250.0,250.0,250.0,250.0,250.0,250.0,250.0,250.0,250.0,250.0,250.0,250.0,250.0,250.0,250.0,250.0,250.0,250.0,250.0,250.0
92,250.0,250.0,250.0,250.0,250.0,250.0,250.0,250.0,250.0,250.0,250.0,250.0,250.0,250.0,250.0,250.0,250.0,250.0,250.0,250.0,250.0,250.0,250.0,250.0,250.0,250.0,250.0,250.0,250.0,250.0,250.0
93,250.0,250.0,250.0,250.0,250.0,250.0,250.0,250.0,250.0,250.0,250.0,250.0,250.0,250.0,250.0,250.0,250.0,250.0,250.0,250.0,250.0,250.0,250.0,250.0,250.0,250.0,85.0,75.0,87.0,250.0,82.0
94,87.0,82.0,81.0,71.0,82.0,80.0,100.0,69.0,68.0,250.0,100.0,100.0,250.0,78.0,73.0,73.0,250.0,100.0,76.0,64.0,74.0,59.0,62.0,100.0,74.0,100.0,67.0,100.0,72.0,100.0,100.0
95,100.0,66.0,85.0,85.0,85.0,100.0,69.0,60.0,60.0,100.0,100.0,85.0,69.0,69.0,82.0,82.0,82.0,82.0,60.0,250.0,82.0,82.0,250.0,250.0,100.0,100.0,100.0,70.0,100.0,100.0,70.0
96,80.0,70.0,70.0,81.0,85.0,78.0,65.0,61.0,72.0,100.0,100.0,81.0,85.0,72.0,77.0,84.0,83.0,100.0,76.0,69.0,100.0,84.0,65.0,73.0,70.0,79.0,250.0,250.0,250.0,250.0,250.0
97,250.0,250.0,250.0,250.0,250.0,250.0,250.0,250.0,250.0,250.0,250.0,250.0,74.0,73.0,250.0,250.0,250.0,250.0,74.0,250.0,250.0,250.0,250.0,250.0,250.0,250.0,85.0,80.0,79.0,76.0,74.0
98,81.0,70.0,70.0,71.0,71.0,79.0,63.0,63.0,70.0,78.0,75.0,78.0,65.0,67.0,78.0,79.0,100.0,78.0,58.0,79.0,58.0,65.0,65.0,70.0,58.0,48.0,58.0,58.0,58.0,57.0,48.0
99,47.0,47.0,47.0,66.0,68.0,46.0,46.0,55.0,47.0,72.0,72.0,57.0,57.0,66.0,72.0,49.0,72.0,71.0,71.0,72.0,72.0,70.0,71.0,68.0,72.0,72.0,70.0,67.0,67.0,67.0,69.0
100,69.0,68.0,69.0,69.0,64.0,64.0,66.0,63.0,63.0,62.0,62.0,64.0,62.0,64.0,64.0,64.0,75.0,74.0,71.0,71.0,100.0,62.0,62.0,62.0,69.0,69.0,78.0,60.0,71.0,72.0,100.0
101,70.0,70.0,77.0,75.0,72.0,72.0,74.0,74.0,70.0,46.0,75.0,74.0,65.0,75.0,75.0,65.0,250.0,250.0,250.0,250.0,250.0,250.0,250.0,250.0,250.0,250.0,250.0,250.0,250.0,250.0,250.0
102,250.0,250.0,250.0,250.0,250.0,250.0,250.0,250.0,250.0,250.0,250.0,250.0,250.0,250.0,250.0,250.0,100.0,67.0,87.0,74.0,100.0,83.0,60.0,250.0,72.0,100.0,100.0,60.0,79.0,71.0,62.0
103,83.0,100.0,100.0,68.0,76.0,100.0,87.0,78.0,68.0,75.0,76.0,100.0,100.0,75.0,100.0,100.0,250.0,250.0,250.0,250.0,250.0,250.0,250.0,250.0,250.0,250.0,250.0,250.0,250.0,250.0,250.0
104,250.0,250.0,250.0,250.0,250.0,250.0,250.0,250.0,250.0,250.0,250.0,250.0,250.0,250.0,250.0,250.0,76.0,77.0,250.0,250.0,81.0,250.0,250.0,250.0,250.0,250.0,250.0,250.0,250.0,72.0,69.0
105,250.0,70.0,61.0,74.0,250.0,85.0,250.0,73.0,250.0,250.0,250.0,74.0,65.0,50.0,250.0,50.0,250.0,250.0,250.0,250.0,250.0,250.0,250.0,250.0,250.0,250.0,250.0,250.0,250.0,250.0,250.0
106,250.0,250.0,250.0,250.0,250.0,250.0,250.0,250.0,250.0,250.0,250.0,250.0,250.0,250.0,250.0,250.0,250.0,250.0,250.0,250.0,250.0,250.0,250.0,250.0,250.0,250.0,250.0,250.0,250.0,250.0,250.0
107,250.0,250.0,250.0,250.0,250.0,250.0,250.0,250.0,250.0,250.0,250.0,250.0,250.0,250.0,250.0,250.0,250.0,250.0,250.0,250.0,250.0,250.0,250.0,250.0,250.0,250.0,250.0,250.0,250.0,250.0,250.0
108,250.0,250.0,250.0,250.0,250.0,250.0,250.0,250.0,250.0,250.0,250.0,250.0,250.0,250.0,250.0,250.0,250.0,250.0,250.0,250.0,250.0,250.0,250.0,250.0,250.0,250.0,250.0,250.0,250.0,250.0,250.0
109,250.0,250.0,250.0,250.0,250.0,250.0,250.0,250.0,250.0,250.0,250.0,250.0,250.0,250.0,250.0,250.0,74.0,81.0,74.0,100.0,81.0,63.0,75.0,100.0,100.0,100.0,86.0,62.0,61.0,63.0,67.0
110,67.0,72.0,67.0,69.0,78.0,100.0,71.0,67.0,52.0,58.0,78.0,69.0,63.0,63.0,72.0,75.0,77.0,59.0,61.0,53.0,61.0,61.0,61.0,49.0,73.0,73.0,73.0,59.0,59.0,59.0,49.0
111,49.0,56.0,56.0,73.0,49.0,49.0,49.0,49.0,56.0,41.0,49.0,49.0,49.0,56.0,56.0,56.0,250.0,250.0,250.0,250.0,250.0,250.0,250.0,75.0,250.0,250.0,250.0,250.0,250.0,250.0,71.0
112,75.0,250.0,250.0,250.0,46.0,250.0,71.0,71.0,250.0,59.0,64.0,250.0,64.0,61.0,250.0,61.0,72.0,100.0,100.0,61.0,100.0,100.0,61.0,53.0,61.0,61.0,79.0,70.0,61.0,70.0,42.0
113,80.0,79.0,79.0,60.0,44.0,44.0,79.0,51.0,79.0,45.0,50.0,76.0,45.0,45.0,43.0,43.0,100.0,70.0,80.0,84.0,79.0,80.0,55.0,63.0,100.0,79.0,78.0,76.0,69.0,69.0,79.0
114,84.0,80.0,70.0,67.0,55.0,74.0,81.0,75.0,59.0,0.0,0.0,46.0,54.0,62.0,73.0,75.0,66.0,60.0,66.0,51.0,54.0,54.0,62.0,57.0,51.0,69.0,55.0,62.0,62.0,70.0,59.0
115,59.0,59.0,69.0,56.0,58.0,58.0,53.0,53.0,52.0,56.0,56.0,45.0,53.0,56.0,56.0,53.0,78.0,64.0,69.0,64.0,81.0,70.0,70.0,62.0,100.0,76.0,76.0,72.0,71.0,71.0,77.0
116,77.0,79.0,58.0,63.0,84.0,83.0,55.0,44.0,72.0,55.0,55.0,100.0,100.0,100.0,100.0,100.0,64.0,69.0,100.0,100.0,100.0,75.0,62.0,58.0,58.0,100.0,100.0,67.0,80.0,76.0,100.0
117,100.0,70.0,57.0,69.0,74.0,76.0,76.0,70.0,74.0,76.0,73.0,100.0,67.0,63.0,67.0,72.0,72.0,63.0,63.0,73.0,78.0,78.0,62.0,62.0,63.0,77.0,77.0,78.0,78.0,62.0,79.0
118,79.0,79.0,77.0,51.0,51.0,51.0,100.0,100.0,69.0,62.0,81.0,81.0,62.0,100.0,75.0,78.0,100.0,100.0,100.0,100.0,82.0,61.0,65.0,100.0,69.0,100.0,100.0,100.0,61.0,100.0,64.0
119,100.0,63.0,63.0,63.0,77.0,61.0,61.0,54.0,77.0,100.0,47.0,47.0,47.0,61.0,71.0,43.0,77.0,50.0,47.0,47.0,42.0,77.0,77.0,78.0,78.0,76.0,76.0,76.0,76.0,76.0,76.0
120,48.0,70.0,66.0,67.0,65.0,67.0,67.0,64.0,69.0,63.0,65.0,67.0,68.0,52.0,69.0,69.0,62.0,63.0,68.0,70.0,250.0,63.0,66.0,66.0,62.0,67.0,67.0,62.0,61.0,64.0,62.0
121,64.0,250.0,250.0,250.0,250.0,250.0,250.0,250.0,250.0,250.0,250.0,250.0,250.0,250.0,250.0,250.0,250.0,250.0,250.0,250.0,250.0,250.0,250.0,250.0,250.0,250.0,250.0,250.0,250.0,250.0,250.0
122,250.0,250.0,250.0,250.0,250.0,250.0,250.0,250.0,250.0,250.0,250.0,250.0,250.0,250.0,250.0,250.0,250.0,250.0,250.0,250.0,250.0,250.0,250.0,250.0,250.0,250.0,250.0,94.0,69.0,86.0,250.0
123,250.0,250.0,250.0,250.0,250.0,250.0,250.0,250.0,68.0,250.0,76.0,250.0,250.0,250.0,65.0,60.0,250.0,250.0,250.0,62.0,59.0,75.0,75.0,54.0,78.0,78.0,83.0,61.0,59.0,53.0,59.0
124,59.0,53.0,53.0,100.0,100.0,71.0,71.0,57.0,57.0,64.0,51.0,81.0,81.0,52.0,52.0,78.0,78.0,44.0,44.0,81.0,47.0,62.0,78.0,42.0,42.0,62.0,65.0,75.0,76.0,76.0,71.0
125,100.0,68.0,56.0,68.0,73.0,76.0,78.0,56.0,70.0,70.0,80.0,100.0,100.0,69.0,100.0,58.0,100.0,86.0,60.0,85.0,66.0,63.0,63.0,66.0,66.0,69.0,100.0,250.0,250.0,250.0,250.0
126,250.0,250.0,250.0,250.0,250.0,250.0,250.0,250.0,250.0,250.0,250.0,250.0,250.0,250.0,250.0,250.0,250.0,250.0,250.0,250.0,250.0,250.0,250.0,250.0,250.0,250.0,250.0,63.0,66.0,79.0,66.0
127,81.0,80.0,78.0,63.0,77.0,82.0,85.0,74.0,76.0,62.0,100.0,100.0,80.0,77.0,79.0,61.0,100.0,74.0,73.0,58.0,250.0,61.0,78.0,250.0,250.0,250.0,250.0,250.0,250.0,250.0,250.0
128,250.0,250.0,250.0,250.0,250.0,250.0,250.0,250.0,250.0,250.0,250.0,250.0,250.0,250.0,250.0,250.0,250.0,250.0,250.0,250.0,250.0,250.0,250.0,250.0,250.0,250.0,250.0,250.0,250.0,250.0,250.0
129,250.0,250.0,250.0,250.0,250.0,250.0,250.0,250.0,68.0,250.0,250.0,250.0,250.0,250.0,250.0,250.0,250.0,250.0,250.0,250.0,250.0,250.0,250.0,250.0,250.0,250.0,80.0,250.0,250.0,250.0,250.0
130,250.0,250.0,68.0,68.0,71.0,250.0,250.0,250.0,250.0,70.0,250.0,250.0,250.0,250.0,250.0,250.0,250.0,250.0,250.0,250.0,250.0,250.0,250.0,250.0,82.0,78.0,250.0,82.0,81.0,70.0,78.0
131,250.0,250.0,75.0,75.0,250.0,85.0,255.0,255.0,250.0,250.0,250.0,250.0,250.0,100.0,63.0,250.0,250.0,73.0,250.0,250.0,79.0,250.0,65.0,64.0,71.0,60.0,60.0,250.0,250.0,87.0,250.0
132,250.0,250.0,66.0,66.0,100.0,46.0,46.0,250.0,250.0,73.0,56.0,87.0,87.0,42.0,42.0,85.0,85.0,84.0,59.0,62.0,63.0,81.0,69.0,64.0,64.0,72.0,64.0,64.0,68.0,72.0,72.0
133,72.0,66.0,66.0,66.0,65.0,53.0,82.0,82.0,82.0,61.0,82.0,82.0,53.0,82.0,82.0,44.0,82.0,82.0,44.0,59.0,59.0,66.0,250.0,250.0,250.0,250.0,250.0,250.0,250.0,250.0,250.0
134,250.0,250.0,250.0,250.0,250.0,250.0,250.0,250.0,250.0,250.0,250.0,250.0,250.0,250.0,250.0,250.0,250.0,250.0,250.0,250.0,250.0,250.0,78.0,78.0,78.0,44.0,74.0,74.0,74.0,44.0,44.0
135,76.0,74.0,41.0,76.0,76.0,69.0,44.0,44.0,44.0,73.0,69.0,69.0,44.0,44.0,72.0,42.0,69.0,69.0,250.0,71.0,71.0,71.0,70.0,75.0,83.0,68.0,86.0,82.0,54.0,64.0,84.0
136,76.0,69.0,62.0,56.0,71.0,75.0,100.0,77.0,64.0,66.0,75.0,84.0,72.0,75.0,75.0,64.0,75.0,74.0,63.0,62.0,67.0,68.0,66.0,65.0,66.0,49.0,62.0,65.0,54.0,47.0,47.0
137,62.0,62.0,54.0,62.0,100.0,59.0,59.0,55.0,55.0,54.0,54.0,64.0,64.0,59.0,55.0,54.0,54.0,64.0,52.0,46.0,55.0,60.0,250.0,250.0,250.0,250.0,250.0,250.0,250.0,250.0,250.0
138,250.0,250.0,250.0,66.0,66.0,250.0,250.0,250.0,250.0,250.0,250.0,250.0,250.0,250.0,250.0,250.0,250.0,250.0,250.0,250.0,250.0,250.0,250.0,29.0,55.0,46.0,29.0,49.0,250.0,44.0,28.0
139,28.0,250.0,250.0,250.0,250.0,53.0,250.0,250.0,250.0,250.0,250.0,61.0,61.0,250.0,250.0,25.0,250.0,61.0,46.0,25.0,250.0,250.0,63.0,63.0,50.0,50.0,250.0,250.0,250.0,250.0,250.0
140,250.0,250.0,250.0,250.0,250.0,250.0,250.0,250.0,250.0,250.0,250.0,250.0,250.0,250.0,250.0,250.0,250.0,250.0,250.0,250.0,250.0,250.0,250.0,250.0,250.0,250.0,250.0,250.0,250.0,250.0,250.0
141,250.0,250.0,250.0,250.0,250.0,250.0,250.0,250.0,250.0,250.0,250.0,250.0,250.0,57.0,250.0,250.0,250.0,250.0,79.0,100.0,70.0,100.0,100.0,100.0,70.0,70.0,76.0,76.0,100.0,100.0,100.0
142,77.0,71.0,71.0,100.0,100.0,250.0,69.0,69.0,71.0,250.0,250.0,250.0,250.0,100.0,250.0,61.0,83.0,73.0,250.0,250.0,250.0,250.0,70.0,74.0,74.0,73.0,80.0,250.0,250.0,64.0,70.0
143,74.0,56.0,82.0,75.0,250.0,68.0,74.0,250.0,58.0,58.0,75.0,58.0,250.0,250.0,62.0,250.0,250.0,250.0,250.0,250.0,250.0,250.0,250.0,59.0,250.0,74.0,250.0,250.0,250.0,250.0,59.0
144,250.0,250.0,250.0,250.0,250.0,250.0,250.0,250.0,250.0,250.0,250.0,250.0,87.0,81.0,60.0,49.0,64.0,71.0,49.0,63.0,66.0,72.0,62.0,71.0,67.0,64.0,75.0,75.0,72.0,62.0,61.0
145,69.0,76.0,58.0,41.0,59.0,53.0,59.0,250.0,250.0,250.0,250.0,250.0,250.0,250.0,250.0,250.0,250.0,60.0,250.0,250.0,250.0,250.0,250.0,250.0,250.0,60.0,250.0,250.0,250.0,250.0,250.0
146,250.0,250.0,250.0,250.0,250.0,250.0,250.0,250.0,250.0,250.0,250.0,250.0,250.0,250.0,250.0,250.0,250.0,250.0,250.0,250.0,250.0,250.0,250.0,250.0,250.0,250.0,250.0,250.0,250.0,250.0,250.0
147,250.0,250.0,250.0,250.0,250.0,250.0,250.0,100.0,100.0,100.0,100.0,96.0,100.0,100.0,100.0,100.0,100.0,82.0,100.0,82.0,100.0,100.0,100.0,100.0,100.0,100.0,100.0,100.0,100.0,100.0,100.0
148,100.0,100.0,64.0,63.0,64.0,63.0,63.0,63.0,52.0,65.0,65.0,65.0,76.0,65.0,75.0,75.0,250.0,250.0,250.0,53.0,53.0,250.0,250.0,250.0,250.0,250.0,250.0,250.0,250.0,250.0,250.0
149,250.0,250.0,250.0,250.0,250.0,250.0,250.0,250.0,250.0,250.0,250.0,250.0,250.0,250.0,250.0,250.0,250.0,250.0,250.0,250.0,250.0,250.0,250.0,250.0,250.0,250.0,250.0,250.0,250.0,250.0,250.0
150,250.0,250.0,63.0,48.0,54.0,48.0,100.0,100.0,80.0,48.0,100.0,100.0,100.0,80.0,56.0,62.0,48.0,75.0,75.0,75.0,48.0,38.0,38.0,48.0,75.0,75.0,55.0,55.0,46.0,44.0,40.0
151,40.0,44.0,100.0,80.0,80.0,61.0,84.0,76.0,67.0,68.0,65.0,75.0,69.0,61.0,67.0,63.0,100.0,67.0,48.0,59.0,61.0,76.0,71.0,65.0,55.0,68.0,65.0,67.0,64.0,59.0,60.0
152,48.0,58.0,48.0,48.0,62.0,68.0,61.0,58.0,58.0,58.0,60.0,59.0,59.0,55.0,55.0,58.0,55.0,54.0,54.0,59.0,55.0,54.0,39.0,100.0,67.0,75.0,61.0,67.0,75.0,67.0,63.0
153,79.0,65.0,65.0,67.0,67.0,69.0,78.0,63.0,79.0,66.0,65.0,81.0,63.0,78.0,64.0,64.0,60.0,81.0,81.0,54.0,54.0,59.0,60.0,66.0,71.0,66.0,52.0,69.0,71.0,52.0,67.0
154,78.0,62.0,71.0,71.0,62.0,72.0,60.0,66.0,62.0,62.0,66.0,51.0,60.0,60.0,52.0,64.0,50.0,63.0,100.0,60.0,82.0,82.0,82.0,58.0,58.0,51.0,51.0,84.0,58.0,53.0,57.0
155,65.0,47.0,51.0,76.0,57.0,60.0,42.0,70.0,67.0,65.0,65.0,51.0,51.0,44.0,30.0,51.0,51.0,46.0,77.0,100.0,86.0,72.0,85.0,85.0,56.0,61.0,84.0,100.0,100.0,56.0,66.0
156,100.0,74.0,100.0,100.0,64.0,69.0,71.0,71.0,83.0,72.0,58.0,60.0,71.0,71.0,57.0,60.0,60.0,100.0,68.0,57.0,57.0,56.0,64.0,64.0,57.0,56.0,56.0,35.0,67.0,64.0,64.0
157,64.0,63.0,63.0,67.0,67.0,41.0,69.0,69.0,35.0,35.0,37.0,36.0,38.0,86.0,75.0,60.0,75.0,84.0,60.0,71.0,61.0,67.0,69.0,62.0,72.0,66.0,67.0,55.0,58.0,69.0,62.0
158,61.0,75.0,80.0,59.0,48.0,56.0,55.0,64.0,50.0,54.0,54.0,46.0,68.0,68.0,47.0,47.0,47.0,250.0,54.0,54.0,46.0,47.0,60.0,60.0,250.0,250.0,60.0,60.0,60.0,59.0,250.0
159,60.0,60.0,51.0,69.0,58.0,79.0,58.0,64.0,70.0,52.0,41.0,76.0,69.0,57.0,70.0,70.0,60.0,53.0,67.0,74.0,71.0,62.0,44.0,56.0,68.0,55.0,50.0,54.0,62.0,73.0,41.0
160,54.0,72.0,69.0,45.0,68.0,66.0,44.0,66.0,44.0,42.0,42.0,48.0,46.0,42.0,44.0,49.0,49.0,42.0,46.0,42.0,42.0,42.0,46.0,46.0,42.0,42.0,40.0,37.0,250.0,80.0,53.0
161,53.0,79.0,79.0,53.0,53.0,57.0,79.0,79.0,53.0,69.0,69.0,62.0,57.0,57.0,69.0,57.0,57.0,39.0,39.0,60.0,57.0,57.0,58.0,58.0,68.0,32.0,61.0,61.0,71.0,82.0,59.0
162,82.0,63.0,82.0,82.0,44.0,57.0,57.0,64.0,65.0,44.0,63.0,63.0,52.0,80.0,48.0,64.0,65.0,100.0,100.0,57.0,69.0,48.0,54.0,58.0,70.0,43.0,53.0,41.0,44.0,56.0,56.0
163,56.0,48.0,76.0,72.0,49.0,74.0,74.0,77.0,77.0,49.0,49.0,64.0,38.0,70.0,70.0,70.0,57.0,32.0,58.0,57.0,57.0,57.0,27.0,32.0,61.0,26.0,55.0,61.0,55.0,80.0,59.0
164,82.0,64.0,100.0,71.0,74.0,59.0,72.0,82.0,65.0,55.0,63.0,63.0,100.0,100.0,71.0,58.0,59.0,70.0,62.0,62.0,57.0,67.0,56.0,70.0,83.0,40.0,56.0,66.0,67.0,56.0,50.0
165,48.0,63.0,71.0,48.0,59.0,58.0,58.0,52.0,45.0,52.0,59.0,58.0,52.0,55.0,55.0,55.0,55.0,49.0,52.0,52.0,52.0,47.0,50.0,47.0,77.0,74.0,69.0,62.0,71.0,69.0,69.0
166,64.0,74.0,78.0,57.0,71.0,60.0,66.0,54.0,65.0,69.0,61.0,56.0,49.0,54.0,52.0,45.0,47.0,50.0,66.0,76.0,43.0,50.0,54.0,55.0,48.0,45.0,47.0,48.0,48.0,43.0,44.0
167,48.0,48.0,43.0,43.0,44.0,64.0,50.0,54.0,48.0,48.0,56.0,54.0,37.0,46.0,46.0,38.0,56.0,32.0,37.0,46.0,32.0,32.0,37.0,43.0,64.0,42.0,70.0,77.0,77.0,66.0,61.0
168,40.0,67.0,65.0,69.0,58.0,66.0,59.0,0.0,0.0,67.0,65.0,54.0,77.0,47.0,0.0,0.0,0.0,31.0,63.0,47.0,50.0,31.0,63.0,39.0,75.0,58.0,74.0,58.0,46.0,74.0,43.0
169,50.0,50.0,52.0,63.0,62.0,62.0,62.0,50.0,51.0,44.0,52.0,56.0,62.0,62.0,65.0,44.0,44.0,53.0,53.0,61.0,30.0,61.0,53.0,61.0,52.0,250.0,51.0,49.0,250.0,250.0,250.0
170,38.0,250.0,250.0,250.0,250.0,57.0,57.0,39.0,250.0,250.0,250.0,250.0,63.0,250.0,250.0,250.0,250.0,250.0,60.0,42.0,250.0,33.0,33.0,50.0,250.0,250.0,250.0,250.0,250.0,72.0,66.0
171,77.0,37.0,72.0,45.0,49.0,71.0,70.0,61.0,61.0,36.0,33.0,66.0,250.0,250.0,250.0,250.0,58.0,78.0,250.0,73.0,73.0,73.0,64.0,56.0,64.0,64.0,57.0,57.0,57.0,43.0,43.0
172,48.0,55.0,55.0,57.0,56.0,56.0,63.0,250.0,45.0,42.0,42.0,42.0,250.0,45.0,45.0,250.0,250.0,250.0,250.0,65.0,67.0,65.0,66.0,68.0,57.0,69.0,54.0,66.0,72.0,69.0,57.0
173,51.0,61.0,68.0,54.0,53.0,67.0,54.0,67.0,50.0,68.0,42.0,55.0,27.0,50.0,50.0,58.0,27.0,33.0,47.0,67.0,60.0,67.0,38.0,38.0,37.0,58.0,38.0,53.0,53.0,58.0,37.0
174,48.0,60.0,32.0,43.0,49.0,49.0,38.0,250.0,38.0,43.0,43.0,43.0,250.0,250.0,35.0,250.0,250.0,250.0,250.0,63.0,64.0,65.0,67.0,70.0,55.0,52.0,62.0,53.0,70.0,55.0,39.0
175,55.0,55.0,250.0,250.0,55.0,55.0,55.0,50.0,42.0,30.0,250.0,250.0,49.0,44.0,36.0,43.0,25.0,0.0,27.0,43.0,42.0,61.0,42.0,38.0,61.0,61.0,47.0,47.0,41.0,37.0,37.0
176,66.0,47.0,55.0,55.0,31.0,37.0,37.0,62.0,42.0,55.0,55.0,62.0,42.0,49.0,250.0,250.0,250.0,250.0,250.0,250.0,250.0,250.0,250.0,250.0,250.0,250.0,250.0,250.0,250.0,250.0,250.0
177,250.0,250.0,250.0,250.0,250.0,250.0,250.0,250.0,250.0,58.0,39.0,58.0,60.0,39.0,60.0,60.0,250.0,60.0,62.0,62.0,250.0,54.0,48.0,67.0,64.0,64.0,61.0,62.0,29.0,63.0,63.0
178,250.0,24.0,62.0,62.0,52.0,250.0,250.0,250.0,25.0,250.0,250.0,250.0,250.0,250.0,250.0,250.0,250.0,250.0,250.0,250.0,250.0,250.0,250.0,250.0,250.0,250.0,250.0,250.0,250.0,250.0,250.0
179,250.0,250.0,250.0,250.0,250.0,250.0,250.0,250.0,250.0,58.0,64.0,57.0,54.0,52.0,40.0,39.0,39.0,52.0,58.0,38.0,53.0,34.0,53.0,51.0,27.0,45.0,41.0,43.0,48.0,35.0,35.0
180,25.0,48.0,0.0,34.0,59.0,48.0,48.0,250.0,250.0,55.0,52.0,30.0,30.0,250.0,41.0,41.0,41.0,41.0,250.0,30.0,54.0,54.0,250.0,250.0,250.0,24.0,24.0,250.0,0.0,0.0,0.0
181,0.0,0.0,0.0,0.0,48.0,250.0,250.0,50.0,250.0,250.0,250.0,40.0,42.0,34.0,250.0,250.0,250.0,250.0,45.0,250.0,250.0,250.0,250.0,250.0,53.0,19.0,0.0,250.0,250.0,63.0,250.0
182,250.0,250.0,0.0,20.0,63.0,57.0,40.0,57.0,18.0,45.0,45.0,38.0,72.0,18.0,47.0,47.0,59.0,59.0,46.0,18.0,18.0,47.0,47.0,54.0,54.0,46.0,0.0,0.0,0.0,0.0,49.0
183,37.0,50.0,51.0,51.0,32.0,32.0,26.0,33.0,26.0,250.0,250.0,38.0,54.0,52.0,25.0,25.0,21.0,0.0,43.0,43.0,16.0,0.0,0.0,0.0,28.0,0.0,0.0,0.0,0.0,0.0,52.0
184,52.0,39.0,39.0,36.0,39.0,46.0,46.0,70.0,44.0,36.0,36.0,53.0,53.0,43.0,43.0,31.0,31.0,40.0,54.0,54.0,23.0,23.0,0.0,0.0,0.0,54.0,39.0,26.0,39.0,40.0,26.0
185,26.0,29.0,29.0,22.0,0.0,0.0,39.0,39.0,21.0,0.0,0.0,0.0,0.0,0.0,0.0,0.0,0.0,0.0,0.0,0.0,44.0,43.0,44.0,51.0,46.0,38.0,38.0,45.0,28.0,45.0,28.0
186,250.0,21.0,50.0,0.0,28.0,28.0,250.0,250.0,43.0,52.0,0.0,0.0,28.0,250.0,17.0,52.0,0.0,0.0,17.0,0.0,37.0,250.0,39.0,250.0,30.0,250.0,250.0,21.0,21.0,21.0,250.0
187,250.0,250.0,48.0,0.0,0.0,21.0,21.0,250.0,0.0,0.0,0.0,0.0,0.0,0.0,0.0,0.0,0.0,0.0,0.0,0.0,250.0,250.0,250.0,22.0,25.0,250.0,250.0,21.0,35.0,0.0,0.0
188,0.0,0.0,29.0,250.0,250.0,0.0,0.0,0.0,43.0,17.0,0.0,0.0,0.0,0.0,0.0,250.0,28.0,28.0,250.0,0.0,0.0,33.0,250.0,250.0,0.0,0.0,32.0,250.0,250.0,0.0,36.0
189,0.0,0.0,31.0,0.0,250.0,250.0,250.0,0.0,0.0,0.0,250.0,32.0,250.0,31.0,250.0,250.0,29.0,25.0,31.0,26.0,250.0,250.0,0.0,35.0,28.0,25.0,0.0,0.0,0.0,33.0,0.0
190,31.0,0.0,0.0,0.0,33.0,0.0,0.0,0.0,0.0,0.0,39.0,250.0,36.0,250.0,250.0,36.0,36.0,250.0,250.0,0.0,0.0,0.0,250.0,250.0,38.0,38.0,38.0,0.0,0.0,250.0,250.0
191,0.0,0.0,0.0,0.0,0.0,0.0,0.0,0.0,0.0,0.0,38.0,25.0,0.0,0.0,0.0,0.0,0.0,0.0,0.0,0.0,0.0,0.0,0.0,0.0,0.0,0.0,0.0,0.0,0.0,0.0,0.0
192,0.0,0.0,0.0,0.0,0.0,36.0,21.0,34.0,40.0,40.0,0.0,34.0,250.0,23.0,0.0,0.0,0.0,0.0,250.0,34.0,23.0,23.0,0.0,0.0,250.0,34.0,34.0,0.0,0.0,0.0,250.0
193,19.0,0.0,0.0,0.0,0.0,35.0,24.0,24.0,250.0,250.0,24.0,0.0,0.0,0.0,250.0,250.0,0.0,0.0,0.0,0.0,0.0,0.0,0.0,0.0,0.0,0.0,0.0,0.0,0.0,0.0,0.0
194,0.0,0.0,0.0,0.0,0.0,34.0,0.0,35.0,37.0,37.0,19.0,0.0,0.0,0.0,0.0,0.0,0.0,0.0,0.0,42.0,18.0,0.0,0.0,0.0,0.0,250.0,0.0,0.0,0.0,0.0,19.0
195,0.0,0.0,0.0,0.0,0.0,25.0,250.0,0.0,250.0,0.0,0.0,0.0,0.0,35.0,0.0,0.0,0.0,0.0,0.0,0.0,0.0,0.0,0.0,0.0,0.0,0.0,0.0,0.0,0.0,0.0,0.0
196,23.0,0.0,23.0,36.0,250.0,250.0,0.0,0.0,0.0,19.0,250.0,250.0,0.0,0.0,0.0,0.0,0.0,0.0,0.0,0.0,0.0,0.0,0.0,0.0,0.0,0.0,0.0,0.0,0.0,0.0,0.0
197,250.0,250.0,250.0,0.0,0.0,0.0,0.0,0.0,0.0,0.0,0.0,0.0,0.0,0.0,0.0,250.0,250.0,0.0,0.0,0.0,0.0,0.0,0.0,0.0,0.0,0.0,0.0,0.0,0.0,0.0,0.0
198,18.0,0.0,250.0,0.0,0.0,250.0,250.0,0.0,0.0,0.0,0.0,250.0,250.0,250.0,0.0,0.0,0.0,0.0,0.0,0.0,0.0,0.0,0.0,0.0,0.0,0.0,0.0,0.0,0.0,0.0,0.0
199,250.0,23.0,250.0,250.0,23.0,23.0,0.0,0.0,0.0,0.0,0.0,0.0,0.0,0.0,250.0,250.0,0.0,0.0,0.0,250.0,250.0,0.0,0.0,0.0,250.0,250.0,250.0,0.0,250.0,250.0,250.0
200,250.0,250.0,250.0,250.0,250.0,250.0,250.0,250.0,250.0,250.0,250.0,250.0,250.0,250.0,250.0,250.0,250.0,250.0,250.0,250.0,250.0,250.0,250.0,250.0,250.0,250.0,250.0,250.0,250.0,250.0,250.0
201,255.0,255.0,255.0,255.0,255.0,255.0,255.0,255.0,255.0,255.0,255.0,255.0,255.0,255.0,255.0,255.0,255.0,255.0,255.0,255.0,255.0,255.0,255.0,250.0,255.0,255.0,255.0,255.0,255.0,255.0,255.0
202,250.0,0.0,0.0,0.0,0.0,0.0,0.0,0.0,0.0,0.0,0.0,0.0,0.0,0.0,0.0,0.0,0.0,0.0,0.0,0.0,0.0,0.0,0.0,0.0,0.0,0.0,0.0,0.0,0.0,0.0,0.0
203,250.0,0.0,22.0,0.0,0.0,0.0,0.0,0.0,0.0,0.0,0.0,0.0,0.0,0.0,0.0,0.0,0.0,0.0,0.0,0.0,0.0,0.0,0.0,0.0,0.0,0.0,0.0,0.0,0.0,0.0,0.0
204,0.0,0.0,0.0,0.0,0.0,0.0,0.0,0.0,0.0,0.0,0.0,0.0,0.0,0.0,0.0,0.0,0.0,0.0,0.0,0.0,0.0,0.0,0.0,0.0,0.0,0.0,0.0,0.0,0.0,0.0,0.0
205,250.0,0.0,250.0,0.0,0.0,0.0,0.0,0.0,0.0,0.0,0.0,0.0,0.0,0.0,0.0,0.0,0.0,0.0,0.0,0.0,0.0,0.0,0.0,0.0,0.0,0.0,0.0,0.0,0.0,0.0,0.0
206,0.0,0.0,0.0,0.0,0.0,0.0,0.0,0.0,0.0,0.0,0.0,0.0,0.0,0.0,0.0,0.0,0.0,0.0,0.0,0.0,0.0,0.0,0.0,0.0,0.0,0.0,0.0,0.0,0.0,0.0,0.0
207,0.0,0.0,0.0,0.0,0.0,0.0,0.0,0.0,0.0,0.0,0.0,0.0,0.0,0.0,0.0,0.0,0.0,0.0,0.0,0.0,0.0,0.0,0.0,0.0,0.0,0.0,0.0,0.0,0.0,0.0,0.0
208,0.0,0.0,0.0,0.0,0.0,0.0,0.0,0.0,0.0,0.0,0.0,0.0,0.0,0.0,0.0,0.0,0.0,0.0,0.0,0.0,0.0,0.0,0.0,0.0,0.0,0.0,0.0,0.0,0.0,0.0,0.0
209,0.0,0.0,0.0,0.0,0.0,0.0,0.0,0.0,0.0,0.0,0.0,0.0,0.0,0.0,0.0,0.0,0.0,0.0,0.0,0.0,0.0,0.0,0.0,0.0,0.0,0.0,0.0,0.0,0.0,0.0,0.0
210,0.0,0.0,0.0,0.0,0.0,0.0,0.0,0.0,0.0,0.0,0.0,0.0,0.0,0.0,0.0,0.0,0.0,0.0,0.0,0.0,0.0,0.0,0.0,0.0,0.0,0.0,0.0,0.0,0.0,0.0,0.0
211,0.0,0.0,0.0,0.0,0.0,0.0,0.0,0.0,0.0,0.0,0.0,0.0,0.0,0.0,0.0,0.0,0.0,0.0,0.0,0.0,0.0,0.0,0.0,0.0,0.0,0.0,0.0,0.0,0.0,0.0,0.0
212,0.0,0.0,0.0,0.0,0.0,0.0,0.0,0.0,0.0,0.0,0.0,0.0,0.0,0.0,0.0,0.0,0.0,0.0,0.0,0.0,0.0,0.0,0.0,0.0,250.0,250.0,0.0,0.0,0.0,250.0,250.0
213,250.0,250.0,0.0,0.0,0.0,0.0,0.0,0.0,0.0,0.0,0.0,0.0,0.0,0.0,0.0,0.0,0.0,0.0,0.0,0.0,0.0,250.0,250.0,250.0,250.0,250.0,250.0,250.0,250.0,250.0,250.0
214,250.0,250.0,250.0,250.0,250.0,250.0,250.0,250.0,250.0,250.0,250.0,250.0,250.0,250.0,250.0,250.0,18.0,0.0,0.0,0.0,0.0,0.0,0.0,0.0,0.0,0.0,0.0,0.0,0.0,0.0,0.0
215,0.0,0.0,0.0,0.0,0.0,0.0,0.0,0.0,0.0,0.0,0.0,0.0,0.0,0.0,0.0,0.0,0.0,0.0,0.0,0.0,0.0,0.0,0.0,0.0,0.0,0.0,0.0,0.0,0.0,0.0,0.0
216,0.0,0.0,0.0,0.0,0.0,0.0,0.0,0.0,0.0,0.0,0.0,0.0,0.0,0.0,0.0,0.0,0.0,0.0,0.0,0.0,0.0,0.0,0.0,0.0,0.0,0.0,0.0,0.0,0.0,0.0,0.0
217,0.0,0.0,0.0,0.0,0.0,0.0,0.0,0.0,0.0,0.0,0.0,0.0,0.0,0.0,0.0,0.0,0.0,0.0,0.0,0.0,0.0,0.0,0.0,0.0,0.0,0.0,0.0,0.0,0.0,0.0,0.0
218,0.0,0.0,0.0,0.0,0.0,0.0,0.0,0.0,0.0,0.0,0.0,0.0,0.0,0.0,0.0,0.0,0.0,0.0,0.0,0.0,0.0,0.0,0.0,0.0,0.0,0.0,0.0,0.0,0.0,0.0,0.0
219,0.0,0.0,0.0,0.0,0.0,0.0,0.0,0.0,0.0,0.0,0.0,0.0,0.0,0.0,0.0,0.0,0.0,0.0,0.0,0.0,0.0,0.0,0.0,0.0,0.0,0.0,0.0,0.0,0.0,0.0,0.0
220,0.0,0.0,0.0,0.0,0.0,0.0,0.0,0.0,0.0,0.0,0.0,0.0,0.0,0.0,0.0,0.0,0.0,0.0,0.0,0.0,0.0,0.0,0.0,0.0,0.0,0.0,0.0,0.0,0.0,0.0,0.0
221,0.0,0.0,0.0,0.0,250.0,250.0,250.0,0.0,0.0,250.0,250.0,250.0,250.0,0.0,0.0,0.0,0.0,0.0,250.0,250.0,0.0,0.0,0.0,0.0,0.0,0.0,0.0,0.0,0.0,0.0,0.0
222,250.0,250.0,0.0,250.0,0.0,0.0,0.0,250.0,0.0,0.0,0.0,0.0,0.0,250.0,250.0,0.0,0.0,0.0,0.0,0.0,0.0,0.0,0.0,0.0,0.0,0.0,0.0,0.0,0.0,0.0,0.0
223,0.0,0.0,0.0,0.0,0.0,0.0,0.0,0.0,0.0,0.0,0.0,0.0,0.0,0.0,0.0,0.0,0.0,0.0,0.0,0.0,0.0,0.0,0.0,0.0,0.0,0.0,0.0,0.0,0.0,0.0,0.0
224,0.0,0.0,0.0,0.0,0.0,0.0,0.0,0.0,0.0,0.0,0.0,0.0,0.0,0.0,0.0,0.0,0.0,0.0,0.0,0.0,0.0,0.0,0.0,0.0,0.0,0.0,0.0,0.0,0.0,0.0,0.0
225,0.0,0.0,0.0,0.0,0.0,0.0,0.0,0.0,0.0,0.0,0.0,0.0,0.0,0.0,0.0,0.0,0.0,0.0,0.0,0.0,0.0,0.0,0.0,0.0,0.0,0.0,0.0,0.0,0.0,0.0,0.0
226,0.0,0.0,0.0,250.0,0.0,0.0,0.0,0.0,0.0,0.0,0.0,0.0,0.0,0.0,250.0,0.0,0.0,0.0,0.0,0.0,0.0,0.0,0.0,0.0,0.0,0.0,0.0,0.0,0.0,0.0,0.0
227,0.0,0.0,0.0,0.0,0.0,0.0,0.0,250.0,250.0,250.0,0.0,0.0,0.0,0.0,0.0,0.0,0.0,0.0,0.0,0.0,0.0,0.0,0.0,0.0,0.0,250.0,250.0,0.0,0.0,0.0,0.0
228,0.0,0.0,0.0,0.0,0.0,0.0,0.0,0.0,0.0,0.0,0.0,0.0,0.0,0.0,0.0,0.0,0.0,0.0,0.0,0.0,0.0,0.0,0.0,0.0,0.0,0.0,0.0,0.0,0.0,0.0,0.0
229,0.0,0.0,0.0,0.0,0.0,0.0,0.0,0.0,0.0,0.0,0.0,0.0,0.0,0.0,0.0,0.0,0.0,0.0,0.0,0.0,0.0,0.0,250.0,0.0,250.0,0.0,0.0,0.0,0.0,0.0,0.0
230,0.0,0.0,0.0,0.0,0.0,0.0,0.0,0.0,0.0,0.0,0.0,0.0,0.0,0.0,0.0,0.0,0.0,0.0,0.0,0.0,0.0,0.0,0.0,0.0,0.0,0.0,0.0,0.0,0.0,0.0,0.0
231,0.0,0.0,0.0,0.0,0.0,0.0,0.0,0.0,0.0,0.0,0.0,0.0,0.0,0.0,0.0,0.0,0.0,0.0,0.0,0.0,0.0,0.0,0.0,0.0,0.0,0.0,0.0,0.0,0.0,0.0,0.0
232,0.0,0.0,0.0,0.0,0.0,0.0,0.0,0.0,0.0,0.0,0.0,0.0,0.0,0.0,0.0,0.0,0.0,0.0,0.0,0.0,0.0,0.0,0.0,0.0,0.0,0.0,0.0,0.0,0.0,0.0,0.0
233,0.0,0.0,0.0,0.0,0.0,0.0,0.0,0.0,0.0,0.0,0.0,0.0,0.0,0.0,0.0,0.0,0.0,0.0,0.0,0.0,0.0,0.0,0.0,0.0,0.0,0.0,0.0,0.0,0.0,0.0,0.0
234,0.0,0.0,0.0,0.0,0.0,0.0,0.0,0.0,0.0,0.0,0.0,0.0,0.0,0.0,0.0,0.0,0.0,0.0,0.0,0.0,0.0,0.0,0.0,0.0,0.0,0.0,0.0,0.0,0.0,0.0,0.0
235,0.0,0.0,0.0,0.0,0.0,0.0,0.0,0.0,0.0,0.0,0.0,0.0,250.0,250.0,250.0,250.0,250.0,250.0,250.0,250.0,0.0,250.0,250.0,250.0,250.0,250.0,0.0,250.0,250.0,250.0,250.0
236,0.0,0.0,0.0,250.0,250.0,0.0,0.0,250.0,0.0,0.0,0.0,0.0,0.0,0.0,0.0,0.0,0.0,0.0,0.0,0.0,0.0,0.0,0.0,0.0,0.0,0.0,0.0,0.0,0.0,0.0,0.0
237,0.0,0.0,0.0,0.0,0.0,0.0,0.0,0.0,0.0,0.0,0.0,0.0,0.0,0.0,0.0,0.0,0.0,0.0,0.0,0.0,0.0,0.0,0.0,0.0,0.0,0.0,0.0,0.0,0.0,0.0,0.0
238,0.0,0.0,0.0,0.0,0.0,0.0,0.0,250.0,250.0,250.0,250.0,250.0,250.0,250.0,250.0,250.0,250.0,250.0,250.0,250.0,250.0,250.0,250.0,250.0,250.0,250.0,250.0,250.0,250.0,250.0,250.0
239,250.0,250.0,250.0,250.0,250.0,250.0,250.0,0.0,250.0,0.0,250.0,0.0,0.0,0.0,250.0,250.0,0.0,0.0,0.0,0.0,0.0,250.0,250.0,250.0,250.0,250.0,250.0,250.0,250.0,250.0,250.0
240,250.0,250.0,250.0,250.0,250.0,250.0,250.0,250.0,250.0,250.0,250.0,250.0,250.0,250.0,250.0,250.0,250.0,250.0,250.0,250.0,250.0,250.0,250.0,250.0,255.0,250.0,250.0,250.0,250.0,250.0,250.0
241,250.0,250.0,250.0,250.0,250.0,250.0,250.0,250.0,250.0,250.0,250.0,250.0,250.0,250.0,250.0,250.0,250.0,250.0,250.0,250.0,250.0,250.0,250.0,250.0,250.0,250.0,250.0,250.0,250.0,250.0,250.0
242,250.0,250.0,250.0,250.0,250.0,250.0,250.0,250.0,0.0,250.0,0.0,0.0,0.0,250.0,0.0,0.0,0.0,0.0,0.0,0.0,0.0,0.0,0.0,0.0,0.0,0.0,0.0,0.0,0.0,0.0,0.0
243,0.0,250.0,0.0,250.0,250.0,250.0,250.0,250.0,0.0,250.0,0.0,0.0,0.0,0.0,0.0,0.0,0.0,0.0,0.0,0.0,0.0,0.0,0.0,0.0,0.0,0.0,0.0,0.0,0.0,0.0,0.0
244,0.0,0.0,0.0,0.0,0.0,0.0,0.0,250.0,250.0,250.0,250.0,250.0,250.0,250.0,250.0,250.0,250.0,250.0,250.0,250.0,250.0,250.0,250.0,250.0,250.0,250.0,0.0,0.0,250.0,250.0,250.0
245,0.0,0.0,0.0,0.0,0.0,0.0,0.0,250.0,0.0,250.0,0.0,0.0,0.0,0.0,0.0,0.0,0.0,0.0,0.0,0.0,250.0,0.0,0.0,0.0,0.0,0.0,0.0,0.0,0.0,0.0,0.0
246,0.0,0.0,0.0,0.0,0.0,0.0,0.0,0.0,0.0,0.0,0.0,0.0,0.0,0.0,0.0,0.0,0.0,0.0,0.0,0.0,0.0,0.0,0.0,0.0,0.0,0.0,0.0,0.0,0.0,0.0,0.0
247,0.0,0.0,0.0,0.0,0.0,0.0,0.0,0.0,0.0,0.0,0.0,0.0,0.0,0.0,0.0,0.0,0.0,0.0,0.0,0.0,0.0,0.0,0.0,0.0,0.0,0.0,0.0,0.0,0.0,0.0,0.0
248,0.0,0.0,0.0,0.0,0.0,0.0,0.0,0.0,0.0,0.0,0.0,0.0,0.0,0.0,0.0,0.0,0.0,0.0,0.0,0.0,0.0,0.0,0.0,0.0,0.0,0.0,0.0,0.0,0.0,0.0,0.0
249,0.0,0.0,0.0,0.0,0.0,0.0,0.0,0.0,0.0,0.0,0.0,0.0,0.0,0.0,0.0,0.0,0.0,0.0,0.0,0.0,0.0,0.0,0.0,0.0,0.0,0.0,0.0,0.0,0.0,0.0,0.0
250,0.0,0.0,0.0,0.0,0.0,0.0,0.0,0.0,0.0,0.0,0.0,0.0,0.0,0.0,0.0,0.0,0.0,0.0,0.0,0.0,0.0,0.0,0.0,0.0,0.0,0.0,0.0,0.0,0.0,0.0,0.0
251,0.0,0.0,0.0,0.0,0.0,0.0,0.0,0.0,0.0,0.0,0.0,0.0,0.0,0.0,0.0,0.0,0.0,0.0,0.0,0.0,0.0,0.0,0.0,0.0,0.0,0.0,0.0,0.0,0.0,0.0,0.0
252,0.0,0.0,0.0,0.0,0.0,0.0,0.0,0.0,250.0,250.0,0.0,0.0,0.0,250.0,0.0,0.0,0.0,0.0,0.0,250.0,250.0,0.0,250.0,250.0,250.0,250.0,0.0,0.0,0.0,0.0,250.0
253,0.0,0.0,0.0,0.0,0.0,250.0,250.0,0.0,0.0,0.0,0.0,0.0,0.0,0.0,0.0,0.0,0.0,0.0,0.0,0.0,0.0,0.0,0.0,0.0,0.0,0.0,0.0,0.0,0.0,0.0,0.0
254,0.0,0.0,0.0,0.0,0.0,0.0,0.0,19.0,250.0,250.0,0.0,250.0,250.0,250.0,0.0,0.0,250.0,250.0,0.0,250.0,250.0,0.0,0.0,250.0,250.0,250.0,0.0,0.0,0.0,250.0,0.0
255,0.0,0.0,250.0,250.0,250.0,250.0,250.0,250.0,250.0,250.0,250.0,250.0,250.0,250.0,250.0,250.0,250.0,250.0,250.0,250.0,250.0,250.0,250.0,250.0,250.0,250.0,250.0,250.0,0.0,0.0,0.0
256,0.0,0.0,0.0,0.0,0.0,0.0,0.0,0.0,0.0,0.0,0.0,0.0,0.0,0.0,0.0,0.0,0.0,0.0,0.0,0.0,0.0,0.0,0.0,0.0,0.0,0.0,0.0,0.0,0.0,0.0,0.0
257,0.0,0.0,0.0,0.0,0.0,0.0,0.0,0.0,0.0,0.0,0.0,0.0,0.0,0.0,0.0,0.0,0.0,0.0,0.0,0.0,0.0,0.0,0.0,0.0,0.0,0.0,0.0,0.0,0.0,0.0,0.0
258,0.0,0.0,0.0,0.0,0.0,0.0,0.0,0.0,0.0,0.0,0.0,0.0,0.0,0.0,0.0,0.0,0.0,0.0,0.0,0.0,0.0,0.0,0.0,250.0,250.0,250.0,250.0,250.0,250.0,250.0,250.0
259,250.0,250.0,250.0,250.0,250.0,250.0,54.0,54.0,56.0,250.0,250.0,250.0,250.0,54.0,54.0,250.0,55.0,250.0,0.0,0.0,0.0,0.0,0.0,0.0,0.0,0.0,0.0,0.0,0.0,0.0,0.0
260,0.0,250.0,0.0,0.0,0.0,0.0,250.0,250.0,250.0,0.0,0.0,250.0,250.0,250.0,250.0,250.0,250.0,250.0,0.0,0.0,0.0,0.0,0.0,0.0,0.0,0.0,0.0,0.0,0.0,0.0,0.0
261,0.0,0.0,0.0,0.0,0.0,0.0,0.0,0.0,0.0,0.0,0.0,0.0,0.0,0.0,0.0,0.0,0.0,0.0,0.0,0.0,0.0,0.0,0.0,0.0,0.0,0.0,0.0,0.0,0.0,0.0,0.0
262,0.0,0.0,0.0,0.0,0.0,0.0,0.0,0.0,0.0,0.0,0.0,0.0,0.0,0.0,0.0,0.0,0.0,0.0,0.0,0.0,0.0,0.0,0.0,0.0,0.0,0.0,0.0,0.0,0.0,0.0,0.0
263,0.0,0.0,0.0,0.0,0.0,0.0,0.0,0.0,250.0,250.0,250.0,250.0,250.0,250.0,250.0,250.0,250.0,250.0,250.0,250.0,250.0,250.0,250.0,250.0,250.0,250.0,250.0,250.0,250.0,250.0,250.0
264,250.0,250.0,250.0,250.0,0.0,0.0,0.0,0.0,250.0,250.0,250.0,250.0,250.0,250.0,250.0,250.0,250.0,250.0,250.0,250.0,250.0,250.0,250.0,250.0,250.0,250.0,250.0,250.0,250.0,250.0,250.0
265,250.0,250.0,250.0,250.0,250.0,250.0,250.0,250.0,250.0,250.0,250.0,250.0,250.0,250.0,250.0,250.0,250.0,250.0,250.0,250.0,250.0,250.0,250.0,250.0,250.0,250.0,250.0,250.0,250.0,250.0,250.0
266,250.0,250.0,250.0,250.0,250.0,250.0,250.0,250.0,64.0,63.0,75.0,250.0,54.0,61.0,49.0,50.0,71.0,50.0,66.0,49.0,63.0,63.0,100.0,80.0,71.0,64.0,66.0,250.0,250.0,83.0,65.0
267,71.0,250.0,250.0,84.0,250.0,250.0,250.0,250.0,250.0,57.0,57.0,33.0,57.0,57.0,44.0,33.0,57.0,57.0,57.0,39.0,39.0,86.0,36.0,36.0,50.0,50.0,43.0,43.0,49.0,49.0,100.0
268,50.0,44.0,43.0,49.0,40.0,40.0,43.0,42.0,69.0,66.0,66.0,36.0,63.0,60.0,63.0,37.0,57.0,63.0,60.0,60.0,63.0,57.0,46.0,37.0,57.0,57.0,66.0,250.0,250.0,46.0,49.0
269,49.0,32.0,72.0,57.0,29.0,52.0,52.0,58.0,250.0,250.0,250.0,250.0,250.0,250.0,250.0,250.0,250.0,250.0,250.0,250.0,250.0,250.0,250.0,250.0,250.0,250.0,250.0,250.0,250.0,250.0,250.0
270,250.0,250.0,250.0,250.0,250.0,250.0,250.0,250.0,51.0,51.0,44.0,51.0,51.0,44.0,44.0,42.0,42.0,42.0,39.0,39.0,32.0,32.0,25.0,25.0,42.0,39.0,39.0,250.0,250.0,25.0,25.0
271,25.0,250.0,44.0,30.0,250.0,250.0,250.0,250.0,44.0,41.0,50.0,250.0,36.0,30.0,40.0,250.0,250.0,33.0,30.0,30.0,58.0,58.0,250.0,34.0,32.0,250.0,30.0,67.0,40.0,40.0,30.0
272,32.0,250.0,250.0,24.0,250.0,250.0,250.0,28.0,0.0,0.0,250.0,250.0,250.0,250.0,250.0,250.0,250.0,250.0,250.0,250.0,250.0,250.0,250.0,250.0,250.0,250.0,250.0,250.0,250.0,250.0,250.0
273,250.0,0.0,0.0,0.0,0.0,0.0,0.0,0.0,22.0,0.0,22.0,0.0,0.0,0.0,0.0,250.0,36.0,0.0,0.0,0.0,0.0,250.0,250.0,0.0,0.0,0.0,0.0,0.0,0.0,32.0,0.0
274,0.0,0.0,0.0,0.0,0.0,0.0,0.0,0.0,0.0,0.0,0.0,250.0,250.0,0.0,0.0,0.0,250.0,250.0,0.0,0.0,0.0,250.0,250.0,0.0,0.0,0.0,0.0,250.0,250.0,0.0,250.0
275,0.0,0.0,250.0,250.0,0.0,0.0,0.0,0.0,250.0,0.0,250.0,0.0,250.0,250.0,250.0,250.0,0.0,0.0,0.0,0.0,0.0,250.0,0.0,0.0,0.0,0.0,0.0,0.0,0.0,0.0,0.0
276,0.0,0.0,0.0,0.0,0.0,0.0,0.0,0.0,0.0,0.0,0.0,0.0,0.0,0.0,0.0,0.0,0.0,0.0,0.0,0.0,0.0,0.0,0.0,0.0,0.0,0.0,0.0,0.0,0.0,0.0,0.0
277,0.0,0.0,0.0,0.0,0.0,0.0,0.0,0.0,0.0,0.0,0.0,0.0,0.0,0.0,0.0,0.0,0.0,0.0,0.0,0.0,0.0,0.0,0.0,0.0,0.0,0.0,0.0,0.0,0.0,250.0,250.0
278,250.0,0.0,250.0,250.0,250.0,0.0,0.0,0.0,0.0,0.0,0.0,0.0,0.0,0.0,0.0,0.0,0.0,0.0,0.0,0.0,0.0,0.0,0.0,0.0,0.0,0.0,0.0,0.0,0.0,0.0,0.0
279,0.0,0.0,0.0,0.0,0.0,0.0,0.0,0.0,0.0,0.0,0.0,0.0,0.0,0.0,0.0,0.0,0.0,0.0,0.0,0.0,0.0,0.0,0.0,0.0,0.0,0.0,0.0,0.0,0.0,0.0,0.0
280,0.0,0.0,0.0,0.0,0.0,0.0,0.0,0.0,0.0,0.0,0.0,0.0,0.0,0.0,0.0,0.0,0.0,0.0,0.0,0.0,0.0,0.0,0.0,0.0,0.0,0.0,0.0,0.0,0.0,0.0,0.0
281,0.0,0.0,0.0,0.0,0.0,0.0,0.0,0.0,0.0,0.0,0.0,0.0,0.0,0.0,250.0,0.0,250.0,0.0,0.0,0.0,0.0,0.0,0.0,0.0,0.0,0.0,0.0,0.0,0.0,0.0,0.0
282,0.0,0.0,0.0,0.0,0.0,0.0,0.0,0.0,0.0,0.0,0.0,0.0,0.0,0.0,250.0,250.0,250.0,250.0,250.0,250.0,250.0,250.0,250.0,250.0,250.0,250.0,250.0,250.0,250.0,250.0,250.0
283,250.0,250.0,250.0,250.0,250.0,250.0,250.0,250.0,250.0,0.0,0.0,0.0,0.0,0.0,0.0,0.0,0.0,0.0,0.0,0.0,0.0,0.0,0.0,0.0,0.0,0.0,0.0,0.0,0.0,0.0,0.0
284,0.0,0.0,0.0,0.0,0.0,0.0,0.0,0.0,0.0,0.0,0.0,0.0,0.0,0.0,0.0,0.0,0.0,0.0,0.0,0.0,0.0,0.0,0.0,0.0,0.0,0.0,0.0,0.0,0.0,0.0,0.0
285,0.0,0.0,0.0,0.0,0.0,0.0,0.0,0.0,0.0,0.0,0.0,0.0,0.0,0.0,0.0,0.0,0.0,0.0,0.0,0.0,0.0,0.0,0.0,0.0,0.0,0.0,0.0,0.0,0.0,0.0,0.0
286,0.0,0.0,0.0,0.0,0.0,0.0,0.0,0.0,0.0,0.0,0.0,0.0,0.0,0.0,0.0,0.0,0.0,0.0,0.0,0.0,0.0,0.0,0.0,0.0,0.0,0.0,0.0,0.0,0.0,0.0,0.0
287,0.0,0.0,0.0,0.0,0.0,0.0,0.0,0.0,0.0,0.0,0.0,0.0,0.0,0.0,0.0,0.0,0.0,0.0,0.0,0.0,0.0,0.0,0.0,0.0,0.0,0.0,0.0,0.0,0.0,0.0,0.0
288,0.0,0.0,0.0,0.0,0.0,0.0,0.0,0.0,0.0,0.0,0.0,0.0,0.0,0.0,0.0,0.0,0.0,0.0,0.0,0.0,0.0,0.0,0.0,0.0,0.0,0.0,0.0,0.0,0.0,0.0,0.0
289,0.0,0.0,0.0,0.0,0.0,0.0,0.0,0.0,0.0,0.0,0.0,0.0,0.0,0.0,0.0,0.0,0.0,0.0,0.0,0.0,0.0,0.0,0.0,0.0,0.0,0.0,0.0,0.0,0.0,0.0,0.0
290,0.0,0.0,0.0,0.0,0.0,0.0,0.0,0.0,0.0,0.0,0.0,0.0,0.0,0.0,0.0,0.0,0.0,0.0,0.0,0.0,0.0,0.0,0.0,0.0,0.0,0.0,0.0,0.0,0.0,0.0,250.0
291,250.0,250.0,250.0,250.0,250.0,250.0,250.0,250.0,250.0,250.0,250.0,250.0,250.0,250.0,250.0,250.0,250.0,250.0,250.0,250.0,250.0,250.0,250.0,250.0,250.0,250.0,250.0,250.0,250.0,250.0,0.0
292,0.0,0.0,0.0,0.0,0.0,0.0,0.0,0.0,0.0,0.0,0.0,250.0,250.0,0.0,0.0,0.0,0.0,0.0,0.0,0.0,0.0,0.0,0.0,0.0,0.0,250.0,250.0,250.0,250.0,250.0,250.0
293,250.0,250.0,250.0,250.0,250.0,250.0,250.0,250.0,250.0,250.0,250.0,250.0,250.0,250.0,250.0,250.0,250.0,250.0,250.0,250.0,250.0,250.0,250.0,250.0,250.0,250.0,250.0,250.0,250.0,250.0,250.0
294,250.0,250.0,250.0,250.0,250.0,250.0,250.0,250.0,250.0,250.0,250.0,250.0,250.0,250.0,250.0,250.0,250.0,250.0,250.0,250.0,65.0,250.0,250.0,91.0,100.0,88.0,100.0,250.0,250.0,100.0,76.0
295,100.0,71.0,250.0,70.0,82.0,100.0,250.0,250.0,250.0,62.0,62.0,82.0,250.0,250.0,80.0,250.0,250.0,250.0,250.0,250.0,250.0,250.0,250.0,250.0,250.0,250.0,250.0,250.0,250.0,250.0,250.0
296,250.0,52.0,250.0,250.0,250.0,250.0,250.0,250.0,250.0,250.0,250.0,250.0,250.0,250.0,250.0,73.0,73.0,71.0,62.0,250.0,65.0,65.0,62.0,61.0,67.0,69.0,62.0,62.0,62.0,62.0,59.0
297,250.0,62.0,53.0,65.0,61.0,62.0,61.0,69.0,65.0,69.0,250.0,250.0,250.0,250.0,250.0,250.0,250.0,250.0,250.0,250.0,250.0,250.0,250.0,250.0,250.0,250.0,250.0,250.0,250.0,250.0,250.0
298,250.0,250.0,250.0,250.0,250.0,250.0,250.0,250.0,250.0,250.0,250.0,250.0,250.0,250.0,250.0,250.0,250.0,250.0,250.0,250.0,250.0,250.0,250.0,250.0,250.0,250.0,250.0,64.0,64.0,250.0,250.0
299,250.0,250.0,250.0,250.0,72.0,250.0,250.0,250.0,250.0,58.0,250.0,250.0,250.0,250.0,250.0,250.0,250.0,250.0,250.0,250.0,250.0,250.0,250.0,250.0,250.0,250.0,250.0,250.0,250.0,250.0,250.0
300,250.0,250.0,250.0,250.0,250.0,250.0,250.0,250.0,250.0,250.0,250.0,250.0,250.0,250.0,250.0,250.0,250.0,250.0,250.0,250.0,250.0,250.0,250.0,250.0,250.0,250.0,250.0,250.0,250.0,250.0,250.0
301,250.0,250.0,250.0,250.0,250.0,250.0,250.0,250.0,250.0,250.0,250.0,250.0,250.0,250.0,250.0,250.0,250.0,250.0,250.0,250.0,250.0,250.0,64.0,250.0,250.0,61.0,250.0,62.0,67.0,38.0,58.0
302,250.0,250.0,250.0,250.0,250.0,250.0,250.0,250.0,250.0,250.0,250.0,250.0,250.0,250.0,250.0,250.0,250.0,250.0,250.0,250.0,250.0,250.0,250.0,250.0,250.0,250.0,250.0,250.0,250.0,250.0,250.0
303,250.0,250.0,250.0,250.0,250.0,250.0,250.0,250.0,250.0,250.0,67.0,36.0,72.0,250.0,250.0,250.0,53.0,32.0,59.0,250.0,250.0,250.0,250.0,60.0,250.0,53.0,250.0,63.0,44.0,28.0,250.0
304,37.0,17.0,250.0,56.0,70.0,250.0,29.0,60.0,250.0,250.0,70.0,72.0,57.0,72.0,65.0,57.0,57.0,76.0,48.0,38.0,62.0,62.0,76.0,76.0,67.0,67.0,38.0,62.0,62.0,42.0,42.0
305,67.0,42.0,31.0,59.0,28.0,250.0,250.0,250.0,250.0,250.0,32.0,250.0,250.0,250.0,250.0,49.0,250.0,250.0,250.0,250.0,23.0,250.0,250.0,49.0,68.0,0.0,0.0,250.0,250.0,250.0,250.0
306,250.0,250.0,250.0,250.0,250.0,250.0,250.0,250.0,250.0,250.0,250.0,250.0,250.0,250.0,250.0,250.0,250.0,250.0,250.0,250.0,65.0,40.0,250.0,250.0,250.0,50.0,250.0,250.0,40.0,250.0,50.0
307,50.0,250.0,250.0,250.0,250.0,54.0,250.0,54.0,250.0,250.0,250.0,250.0,250.0,250.0,250.0,250.0,250.0,250.0,250.0,250.0,250.0,250.0,250.0,250.0,250.0,250.0,250.0,250.0,250.0,250.0,250.0
308,250.0,0.0,0.0,0.0,0.0,250.0,250.0,250.0,250.0,250.0,250.0,250.0,250.0,250.0,250.0,250.0,250.0,250.0,250.0,250.0,250.0,250.0,250.0,250.0,250.0,250.0,250.0,250.0,250.0,250.0,250.0
309,250.0,250.0,250.0,250.0,250.0,250.0,250.0,250.0,250.0,250.0,250.0,250.0,250.0,250.0,250.0,250.0,250.0,250.0,250.0,250.0,250.0,250.0,250.0,250.0,250.0,250.0,250.0,250.0,250.0,250.0,250.0
310,250.0,250.0,250.0,250.0,250.0,62.0,250.0,250.0,250.0,250.0,250.0,250.0,250.0,250.0,250.0,250.0,250.0,250.0,250.0,250.0,250.0,250.0,250.0,250.0,250.0,250.0,250.0,250.0,250.0,250.0,250.0
311,250.0,80.0,64.0,250.0,250.0,77.0,77.0,74.0,74.0,72.0,250.0,75.0,74.0,74.0,30.0,68.0,68.0,37.0,37.0,0.0,0.0,0.0,39.0,0.0,0.0,0.0,250.0,250.0,250.0,51.0,250.0
312,48.0,61.0,63.0,45.0,250.0,250.0,60.0,61.0,46.0,20.0,18.0,49.0,67.0,60.0,250.0,250.0,250.0,48.0,0.0,36.0,250.0,72.0,100.0,44.0,71.0,44.0,66.0,66.0,66.0,49.0,74.0
313,74.0,67.0,66.0,49.0,78.0,40.0,40.0,67.0,67.0,41.0,41.0,78.0,40.0,41.0,41.0,42.0,54.0,30.0,54.0,250.0,30.0,30.0,250.0,41.0,41.0,250.0,250.0,250.0,250.0,45.0,250.0
314,31.0,250.0,250.0,250.0,250.0,250.0,0.0,0.0,0.0,250.0,250.0,250.0,0.0,0.0,250.0,0.0,58.0,250.0,250.0,250.0,250.0,250.0,250.0,250.0,250.0,250.0,250.0,250.0,250.0,250.0,250.0
315,250.0,250.0,250.0,250.0,250.0,250.0,250.0,250.0,250.0,250.0,250.0,250.0,250.0,250.0,250.0,250.0,250.0,250.0,250.0,250.0,250.0,250.0,250.0,250.0,250.0,250.0,250.0,250.0,250.0,250.0,250.0
316,250.0,250.0,250.0,250.0,250.0,250.0,49.0,50.0,26.0,35.0,22.0,26.0,35.0,46.0,45.0,24.0,22.0,100.0,43.0,100.0,18.0,0.0,30.0,49.0,68.0,49.0,25.0,25.0,0.0,0.0,36.0
317,64.0,250.0,250.0,250.0,0.0,0.0,0.0,250.0,0.0,0.0,0.0,0.0,250.0,250.0,250.0,0.0,0.0,0.0,0.0,0.0,250.0,250.0,0.0,250.0,0.0,250.0,0.0,0.0,250.0,0.0,250.0
318,0.0,250.0,250.0,250.0,250.0,250.0,250.0,250.0,250.0,250.0,250.0,250.0,250.0,250.0,250.0,250.0,250.0,250.0,250.0,250.0,250.0,250.0,250.0,250.0,250.0,250.0,250.0,250.0,250.0,250.0,250.0
319,250.0,250.0,250.0,250.0,250.0,250.0,250.0,250.0,250.0,250.0,250.0,250.0,250.0,250.0,250.0,250.0,250.0,250.0,250.0,250.0,250.0,250.0,250.0,250.0,250.0,250.0,250.0,250.0,250.0,250.0,250.0
320,250.0,250.0,250.0,40.0,250.0,250.0,17.0,250.0,250.0,250.0,0.0,250.0,250.0,250.0,250.0,250.0,250.0,250.0,27.0,250.0,250.0,250.0,0.0,0.0,250.0,250.0,250.0,0.0,250.0,0.0,0.0
321,43.0,250.0,250.0,250.0,250.0,250.0,250.0,250.0,250.0,250.0,250.0,250.0,250.0,250.0,250.0,250.0,250.0,250.0,250.0,250.0,0.0,35.0,250.0,250.0,250.0,0.0,0.0,35.0,0.0,0.0,0.0
322,250.0,37.0,250.0,250.0,0.0,0.0,0.0,0.0,0.0,0.0,0.0,0.0,0.0,250.0,250.0,250.0,0.0,0.0,0.0,250.0,0.0,0.0,0.0,0.0,0.0,0.0,0.0,0.0,0.0,0.0,0.0
323,250.0,250.0,250.0,250.0,250.0,250.0,0.0,250.0,40.0,0.0,0.0,0.0,250.0,250.0,31.0,250.0,250.0,250.0,0.0,33.0,250.0,47.0,0.0,0.0,250.0,250.0,250.0,0.0,250.0,250.0,0.0
324,59.0,250.0,0.0,250.0,0.0,0.0,0.0,0.0,0.0,0.0,0.0,0.0,0.0,0.0,250.0,0.0,0.0,0.0,0.0,0.0,0.0,0.0,0.0,0.0,0.0,0.0,0.0,0.0,0.0,0.0,0.0
325,0.0,250.0,250.0,250.0,58.0,250.0,250.0,250.0,250.0,64.0,250.0,250.0,250.0,250.0,250.0,250.0,250.0,250.0,250.0,250.0,250.0,250.0,250.0,250.0,250.0,250.0,250.0,250.0,0.0,250.0,0.0
326,0.0,0.0,250.0,0.0,0.0,0.0,250.0,250.0,250.0,250.0,0.0,0.0,0.0,250.0,250.0,0.0,0.0,0.0,0.0,0.0,0.0,0.0,0.0,0.0,0.0,0.0,0.0,250.0,250.0,250.0,250.0
327,250.0,250.0,250.0,250.0,250.0,250.0,250.0,250.0,250.0,250.0,250.0,250.0,250.0,250.0,250.0,250.0,250.0,250.0,250.0,250.0,250.0,250.0,250.0,250.0,250.0,250.0,250.0,250.0,250.0,250.0,250.0
328,250.0,250.0,250.0,250.0,250.0,250.0,250.0,250.0,250.0,250.0,250.0,250.0,250.0,250.0,250.0,250.0,250.0,250.0,250.0,250.0,250.0,250.0,250.0,250.0,250.0,250.0,250.0,250.0,250.0,250.0,250.0
329,250.0,250.0,250.0,250.0,250.0,250.0,250.0,250.0,250.0,250.0,250.0,250.0,250.0,250.0,250.0,250.0,250.0,250.0,250.0,250.0,250.0,250.0,250.0,250.0,250.0,250.0,250.0,250.0,250.0,250.0,0.0
330,0.0,250.0,250.0,250.0,0.0,0.0,0.0,0.0,250.0,250.0,0.0,250.0,0.0,0.0,0.0,250.0,250.0,0.0,0.0,0.0,0.0,250.0,250.0,0.0,0.0,0.0,250.0,36.0,36.0,0.0,0.0
331,0.0,0.0,0.0,0.0,36.0,0.0,0.0,0.0,0.0,41.0,0.0,0.0,0.0,22.0,22.0,0.0,0.0,0.0,0.0,0.0,0.0,0.0,250.0,250.0,250.0,250.0,28.0,0.0,250.0,250.0,250.0
332,250.0,0.0,250.0,250.0,250.0,250.0,0.0,0.0,250.0,250.0,0.0,250.0,0.0,0.0,0.0,250.0,250.0,15.0,250.0,0.0,0.0,250.0,250.0,250.0,250.0,0.0,0.0,0.0,250.0,0.0,0.0
333,0.0,0.0,0.0,0.0,250.0,0.0,250.0,0.0,0.0,0.0,0.0,0.0,250.0,0.0,0.0,0.0,0.0,0.0,0.0,0.0,0.0,0.0,26.0,250.0,26.0,250.0,0.0,0.0,250.0,250.0,250.0
334,0.0,0.0,0.0,250.0,29.0,250.0,0.0,0.0,250.0,250.0,29.0,250.0,0.0,0.0,0.0,27.0,29.0,0.0,0.0,250.0,250.0,0.0,0.0,0.0,0.0,0.0,0.0,0.0,0.0,0.0,0.0
335,0.0,250.0,250.0,250.0,250.0,0.0,0.0,0.0,0.0,0.0,0.0,0.0,0.0,0.0,0.0,0.0,0.0,0.0,0.0,0.0,0.0,250.0,27.0,0.0,0.0,0.0,0.0,0.0,0.0,0.0,28.0
336,0.0,0.0,0.0,20.0,0.0,0.0,0.0,0.0,0.0,0.0,0.0,0.0,0.0,0.0,0.0,0.0,0.0,30.0,30.0,0.0,0.0,29.0,29.0,36.0,36.0,53.0,0.0,29.0,29.0,31.0,31.0
337,0.0,0.0,27.0,27.0,35.0,27.0,27.0,0.0,0.0,0.0,0.0,45.0,21.0,0.0,0.0,0.0,0.0,0.0,0.0,0.0,0.0,0.0,0.0,0.0,0.0,250.0,0.0,0.0,0.0,0.0,0.0
338,0.0,0.0,0.0,0.0,0.0,0.0,0.0,0.0,0.0,0.0,0.0,27.0,250.0,0.0,0.0,250.0,0.0,0.0,250.0,0.0,0.0,0.0,0.0,250.0,250.0,250.0,0.0,0.0,0.0,250.0,0.0
339,250.0,250.0,0.0,0.0,0.0,0.0,0.0,0.0,0.0,0.0,0.0,44.0,250.0,250.0,250.0,250.0,250.0,250.0,250.0,250.0,250.0,250.0,250.0,250.0,250.0,250.0,250.0,250.0,250.0,250.0,250.0
340,250.0,250.0,250.0,250.0,250.0,250.0,250.0,25.0,0.0,0.0,0.0,0.0,0.0,0.0,31.0,28.0,0.0,33.0,0.0,44.0,51.0,0.0,0.0,0.0,33.0,47.0,0.0,0.0,0.0,0.0,0.0
341,0.0,35.0,0.0,250.0,250.0,0.0,0.0,0.0,0.0,0.0,0.0,0.0,0.0,0.0,0.0,0.0,0.0,0.0,250.0,0.0,0.0,0.0,0.0,0.0,0.0,0.0,0.0,0.0,0.0,0.0,0.0
342,0.0,0.0,18.0,250.0,0.0,0.0,0.0,0.0,0.0,29.0,47.0,0.0,0.0,21.0,21.0,250.0,0.0,0.0,0.0,0.0,250.0,0.0,0.0,0.0,0.0,0.0,0.0,31.0,0.0,0.0,0.0
343,0.0,0.0,0.0,0.0,0.0,0.0,0.0,0.0,0.0,250.0,250.0,0.0,0.0,0.0,0.0,0.0,0.0,0.0,0.0,0.0,0.0,0.0,0.0,0.0,0.0,0.0,0.0,0.0,23.0,0.0,0.0
344,0.0,0.0,0.0,0.0,0.0,29.0,0.0,0.0,0.0,0.0,30.0,0.0,0.0,0.0,0.0,0.0,0.0,0.0,0.0,0.0,0.0,0.0,0.0,250.0,250.0,250.0,250.0,250.0,250.0,250.0,250.0
345,250.0,250.0,250.0,250.0,250.0,250.0,250.0,250.0,250.0,250.0,250.0,250.0,250.0,250.0,250.0,250.0,250.0,250.0,250.0,250.0,250.0,250.0,250.0,250.0,250.0,250.0,250.0,250.0,250.0,250.0,250.0
346,250.0,250.0,250.0,250.0,250.0,250.0,250.0,250.0,250.0,250.0,250.0,250.0,250.0,250.0,250.0,250.0,250.0,250.0,0.0,250.0,18.0,0.0,250.0,0.0,23.0,44.0,39.0,0.0,0.0,0.0,25.0
347,0.0,250.0,250.0,0.0,28.0,0.0,250.0,0.0,0.0,0.0,250.0,250.0,0.0,0.0,0.0,0.0,0.0,0.0,0.0,0.0,0.0,0.0,0.0,0.0,0.0,0.0,0.0,0.0,0.0,0.0,0.0
348,0.0,0.0,0.0,0.0,0.0,0.0,0.0,0.0,0.0,0.0,0.0,0.0,0.0,0.0,0.0,0.0,0.0,0.0,0.0,0.0,0.0,0.0,0.0,0.0,0.0,0.0,0.0,0.0,0.0,0.0,0.0
349,0.0,0.0,0.0,0.0,0.0,0.0,0.0,0.0,0.0,0.0,0.0,0.0,0.0,0.0,0.0,0.0,0.0,0.0,0.0,0.0,0.0,0.0,0.0,0.0,0.0,0.0,0.0,0.0,0.0,0.0,0.0
350,0.0,0.0,0.0,0.0,0.0,0.0,0.0,0.0,0.0,0.0,0.0,0.0,0.0,0.0,0.0,0.0,0.0,0.0,0.0,0.0,0.0,0.0,0.0,0.0,0.0,0.0,0.0,0.0,0.0,0.0,0.0
351,0.0,0.0,0.0,0.0,0.0,0.0,0.0,0.0,0.0,0.0,0.0,0.0,0.0,0.0,0.0,0.0,0.0,0.0,0.0,0.0,0.0,0.0,0.0,0.0,0.0,0.0,0.0,0.0,0.0,0.0,0.0
352,0.0,0.0,0.0,0.0,0.0,0.0,0.0,0.0,0.0,0.0,0.0,0.0,0.0,0.0,0.0,0.0,0.0,0.0,0.0,0.0,0.0,0.0,0.0,0.0,0.0,0.0,0.0,0.0,0.0,0.0,0.0
353,0.0,0.0,0.0,0.0,0.0,0.0,0.0,0.0,0.0,0.0,0.0,0.0,0.0,0.0,0.0,0.0,0.0,0.0,0.0,0.0,0.0,0.0,0.0,0.0,0.0,0.0,0.0,0.0,0.0,0.0,0.0
354,0.0,0.0,0.0,0.0,0.0,0.0,0.0,0.0,0.0,0.0,0.0,0.0,0.0,0.0,0.0,0.0,0.0,0.0,0.0,0.0,0.0,0.0,0.0,0.0,0.0,0.0,0.0,0.0,0.0,0.0,0.0
355,0.0,0.0,0.0,0.0,0.0,0.0,0.0,0.0,0.0,0.0,0.0,0.0,0.0,0.0,0.0,0.0,0.0,0.0,0.0,0.0,0.0,0.0,0.0,0.0,0.0,0.0,0.0,0.0,0.0,0.0,0.0
356,0.0,0.0,0.0,0.0,0.0,0.0,0.0,0.0,0.0,0.0,0.0,0.0,0.0,0.0,0.0,0.0,0.0,0.0,0.0,0.0,0.0,0.0,0.0,0.0,0.0,0.0,0.0,0.0,0.0,0.0,0.0
357,0.0,0.0,0.0,0.0,0.0,0.0,0.0,0.0,0.0,0.0,0.0,0.0,0.0,0.0,0.0,0.0,0.0,0.0,0.0,0.0,0.0,0.0,0.0,0.0,0.0,0.0,0.0,0.0,0.0,0.0,0.0
358,0.0,0.0,0.0,0.0,0.0,0.0,0.0,0.0,0.0,0.0,0.0,0.0,0.0,0.0,0.0,0.0,0.0,0.0,0.0,0.0,0.0,0.0,0.0,0.0,0.0,0.0,0.0,0.0,0.0,0.0,0.0
359,0.0,0.0,0.0,0.0,0.0,0.0,0.0,0.0,0.0,0.0,0.0,0.0,0.0,0.0,0.0,0.0,0.0,0.0,0.0,0.0,0.0,0.0,0.0,0.0,0.0,0.0,0.0,0.0,0.0,0.0,0.0
360,0.0,0.0,0.0,0.0,0.0,0.0,0.0,0.0,0.0,0.0,0.0,0.0,0.0,0.0,0.0,0.0,0.0,0.0,0.0,0.0,0.0,0.0,0.0,0.0,0.0,0.0,0.0,0.0,0.0,0.0,0.0
361,0.0,0.0,0.0,0.0,0.0,0.0,0.0,0.0,0.0,0.0,0.0,0.0,0.0,0.0,0.0,0.0,0.0,0.0,0.0,0.0,0.0,0.0,0.0,0.0,0.0,0.0,0.0,0.0,0.0,0.0,0.0
362,0.0,0.0,0.0,0.0,0.0,0.0,0.0,0.0,0.0,0.0,0.0,0.0,0.0,0.0,0.0,0.0,0.0,0.0,0.0,0.0,0.0,0.0,0.0,0.0,0.0,0.0,0.0,0.0,0.0,0.0,0.0
363,0.0,0.0,0.0,0.0,0.0,0.0,0.0,0.0,0.0,0.0,0.0,0.0,0.0,0.0,0.0,0.0,0.0,0.0,0.0,0.0,0.0,0.0,0.0,0.0,0.0,0.0,0.0,0.0,0.0,0.0,0.0
364,0.0,0.0,0.0,0.0,0.0,0.0,0.0,0.0,0.0,0.0,0.0,0.0,0.0,0.0,0.0,0.0,0.0,0.0,0.0,0.0,0.0,0.0,0.0,0.0,0.0,0.0,0.0,0.0,0.0,0.0,0.0
